{"noiseKey":{"private":{"type":"Buffer","data":"+FRu7BzSaOk5FRm/WffgTHDI59T2HViUd2LXrthur0o="},"public":{"type":"Buffer","data":"TbztD4dCqkxO8RUmMcmbuDHQfya91P1y+Kd8/4o1JHU="}},"signedIdentityKey":{"private":{"type":"Buffer","data":"GLri49wphmDzuhEz/m0aPE0KUmzDzWat6n4kO3I0wUI="},"public":{"type":"Buffer","data":"SRxv1dtjBWRVW/a1xP0dmS/odiL4XphAgqc7PLHeJSE="}},"signedPreKey":{"keyPair":{"private":{"type":"Buffer","data":"oOIdIM9YNwa69FEsZcj222kRXQ7HYviPYvh362TyYFM="},"public":{"type":"Buffer","data":"dGlcxwFsUiM8uB/T09zThli2qhKUIqV3jPz+Nko2lxs="}},"signature":{"type":"Buffer","data":"uXXjI0j8Co3UtgdjUFJWaojhdIMI1dWow6UtuXSDVmwn+mJrDaucwfJeilQDM/1Ct3vs5oHqRxNYndqpQ2Nsjg=="},"keyId":1},"registrationId":144,"advSecretKey":"X6IKfNo4qXrRf9N8MjbK7maEkp2WHKk66bAN6AmlHjw=","processedHistoryMessages":[{"key":{"remoteJid":"6282142610876@s.whatsapp.net","fromMe":true,"id":"1B1507BB64E0BC85A307075988A000AF"},"messageTimestamp":1698824503},{"key":{"remoteJid":"6282142610876@s.whatsapp.net","fromMe":true,"id":"7413B67DA45CAD7177767F9FD075E8CB"},"messageTimestamp":1698824503},{"key":{"remoteJid":"6282142610876@s.whatsapp.net","fromMe":true,"id":"BFC6417D469798821F5789F33CB3F189"},"messageTimestamp":1698824510},{"key":{"remoteJid":"6282142610876@s.whatsapp.net","fromMe":true,"id":"50549590B64FDEE7A5E11A06C9394117"},"messageTimestamp":1698824511},{"key":{"remoteJid":"6282142610876@s.whatsapp.net","fromMe":true,"id":"A2F0DDCC7F1F309DDEBE8585CACEBDDF"},"messageTimestamp":1698824511},{"key":{"remoteJid":"6282142610876@s.whatsapp.net","fromMe":true,"id":"1BC43DB159B1966EEF0CF0B6193BD11E"},"messageTimestamp":1698824511}],"nextPreKeyId":31,"firstUnuploadedPreKeyId":31,"accountSyncCounter":1,"accountSettings":{"unarchiveChats":false},"deviceId":"FWOlD7nyTbW2QfFhJ36jVw","phoneId":"6a676856-6256-4d2d-a583-3f697d3bc9b3","identityId":{"type":"Buffer","data":"vHzzTG/0s4F2jnk1jkHU08MLjTY="},"registered":false,"backupToken":{"type":"Buffer","data":"QYwtdB9jUb+t7G/A6oSIztIPjmo="},"registration":{},"account":{"details":"CK6W+MIDELKCiKoGGAE=","accountSignatureKey":"ppHMcfO7REfjnl9ek7FZOxZwHZVAayeiU3yt9s2QC24=","accountSignature":"+hYC+ImrLOvKRMZIKT3iTYgYU1H34vNj8VSfdamHG1F8w2ji3h14gwmx7rL/9WPn/h4oUeKyAq/3X+cprhSgDw==","deviceSignature":"fbyFu6FLueZGoTgI0JkPhPh0Bxo3JK2AUBl4khUq5hjGczU/zk1WAE4RK4H7Kypd2/FA2tpjgwYkz3hBScZPjA=="},"me":{"id":"6282142610876:26@s.whatsapp.net","name":"Gaia"},"signalIdentities":[{"identifier":{"name":"6282142610876:26@s.whatsapp.net","deviceId":0},"identifierKey":{"type":"Buffer","data":"BaaRzHHzu0RH455fXpOxWTsWcB2VQGsnolN8rfbNkAtu"}}],"platform":"android","lastAccountSyncTimestamp":1698824856,"myAppStateKeyId":"AAAAALj8"}