{"_sessions":{"BQhEbz3KKQaxa7hVJ7Rrqk55BN9OaRhNLp069sAeE3Vo":{"registrationId":1706343070,"currentRatchet":{"ephemeralKeyPair":{"pubKey":"Bab49drN0ZbQjmuCoJhDQMVLR7r7Cz3439khPd8Fa5FG","privKey":"+FTtxKx2yqtIJat0z4y8rGN+Z5ILLnoHkeCQrGfjNWY="},"lastRemoteEphemeralKey":"BWS3bMCbiTdWzrGPgA4yAFN4bCIITQhup5Cq+gDhXxFT","previousCounter":0,"rootKey":"0GQg2GYzkd5aTo0a4nB9BX+r6x0S0bkCLOXG2uRAFJY="},"indexInfo":{"baseKey":"BQhEbz3KKQaxa7hVJ7Rrqk55BN9OaRhNLp069sAeE3Vo","baseKeyType":2,"closed":-1,"used":1698903162742,"created":1698824856090,"remoteIdentityKey":"BS481zPEPjbxl9AsLAprbKUlbWPQPcO+B0QwPYolZMcT"},"_chains":{"BS4zpRTPPlpeF0gBFgDATcWilV92x8r023rcnCAPXuRZ":{"chainKey":{"counter":1},"chainType":2,"messageKeys":{}},"Bddt0w0QepW3u3Mz+n85EhArSxShHdyuVeuIxL0i73wh":{"chainKey":{"counter":0},"chainType":2,"messageKeys":{}},"BeWGffBTfLrWviioJA9CSC18QwphZyzig8Fvy1F+St9y":{"chainKey":{"counter":7},"chainType":2,"messageKeys":{}},"BdN4MLTZt6S28DhM/+3wU7qNNs7IzxJs+pbWE5VRd/QB":{"chainKey":{"counter":1},"chainType":2,"messageKeys":{}},"BRaDm64j0dOcpoZZ9M/Dqr9GjZ+nkUCz9ZvwH8lCa08Z":{"chainKey":{"counter":0},"chainType":2,"messageKeys":{}},"BfPjNOjTWkfFgALe4XqOwChf9Wg+m/eU5kcPiuJPqTcP":{"chainKey":{"counter":2},"chainType":2,"messageKeys":{}},"BVjhFnI+tJq+cSw/gQFU9qZ4C4QZeQ0Z0VMTtpnd2ddw":{"chainKey":{"counter":13},"chainType":2,"messageKeys":{}},"BbP2QT4Leo3jfa20ZHF+nUib/X35UTXz8A8skHmbnfdH":{"chainKey":{"counter":1},"chainType":2,"messageKeys":{}},"BWVAXEjH4Ry9BXYV3YgkE3SCWlkb2Gm17lQpDUSxfGQI":{"chainKey":{"counter":1},"chainType":2,"messageKeys":{}},"BaPnHdiF/Fq+k0bHNSK52yMkzvQQkVcBVqAYI+6iXMtB":{"chainKey":{"counter":0},"chainType":2,"messageKeys":{}},"BVgmNT8Cl/StW4CN2gIBCSJpcOAMlsQMHt/XYBiyPX1o":{"chainKey":{"counter":0},"chainType":2,"messageKeys":{}},"BVHDAJjRZGuLrV8VU/dTMQCKB6hOYx0GoUpeJ4GPLmE0":{"chainKey":{"counter":5},"chainType":2,"messageKeys":{}},"BWTYg8ZZDTIzGDnMj2NTZwjGJ/iNFib9wvhmv85iNlln":{"chainKey":{"counter":0},"chainType":2,"messageKeys":{}},"BXr5eIHE6XZTq8qj8Ka6BftG2nacnSwtftZNzDIsYmRM":{"chainKey":{"counter":0},"chainType":2,"messageKeys":{}},"BaSbDrBKkJ3lbRxCZfP/L04u0xexOjsMGZ4ciMeUUgE5":{"chainKey":{"counter":0},"chainType":2,"messageKeys":{}},"BYorPsQkDgYpTTVhFPHnlKDQfHDqXCpJ+Q08yQXKaHFf":{"chainKey":{"counter":0},"chainType":2,"messageKeys":{}},"Bc3jnD0olO/HAmhV3APlZKUx7gNBM8OG8jusLk+JbXYw":{"chainKey":{"counter":0},"chainType":2,"messageKeys":{}},"BTG2Oq2Um4ZauV2bdZz+Fw7G+mCYOUKkWITS4LroOtQ1":{"chainKey":{"counter":1},"chainType":2,"messageKeys":{}},"BVoJAJeK3HSPokSot7HEGT5/3JFwnpk661fmjQwKDNhD":{"chainKey":{"counter":0},"chainType":2,"messageKeys":{}},"BVPE8RdGtixrdCqbyUbEqYItyD64aV67DOAW6o/kFMUT":{"chainKey":{"counter":0},"chainType":2,"messageKeys":{}},"BXefmeKuDj20T6DdJxQZJQ8OTfWvf8NzpJndf2iEseIL":{"chainKey":{"counter":1},"chainType":2,"messageKeys":{}},"BVR9oia+AT4p62BnoL09lVG5lIgcuw+wgPJijtppR+4b":{"chainKey":{"counter":0},"chainType":2,"messageKeys":{}},"BX1yXFzmMX1vU2X65SsuqtrAgCFN1/gl++Z0j6/uThsA":{"chainKey":{"counter":0},"chainType":2,"messageKeys":{}},"BaFySNPMO4XW7d3ePlz1u6e33FtG9LYwFZftE4eV2jIU":{"chainKey":{"counter":0},"chainType":2,"messageKeys":{}},"BWS3bMCbiTdWzrGPgA4yAFN4bCIITQhup5Cq+gDhXxFT":{"chainKey":{"counter":0,"key":"Wb6CewTGAmqcpThCM9gVkrPAZcmugUavmhw8/An8NRM="},"chainType":2,"messageKeys":{}},"Bab49drN0ZbQjmuCoJhDQMVLR7r7Cz3439khPd8Fa5FG":{"chainKey":{"counter":0,"key":"W0krUls12mWeYwHbG+CM+QQ/ncqDordKuAOXBavXKqM="},"chainType":1,"messageKeys":{}}}}},"version":"v1"}