{"_sessions":{"BYwfLKCAgqQevz1+s1cDm2vsCK+OpaHs9CBgeCkWJiZU":{"registrationId":1800190035,"currentRatchet":{"ephemeralKeyPair":{"pubKey":"BT/+OiOll+BF0jFdf9NH7G/6qhJFxofi7hcO58ELibJk","privKey":"UNDb4Q9wnY7vhLQqvOHqv27MjGKZnXEzm0orRnFGEn8="},"lastRemoteEphemeralKey":"BWQZt2tjpb13/BmkvvodQp3VnTYzXX9lldt+JA880nZ5","previousCounter":0,"rootKey":"25QyvUV3+mu1zWqHHbGGjcMWF4cbXbtY4mHU5nbRjCk="},"indexInfo":{"baseKey":"BYwfLKCAgqQevz1+s1cDm2vsCK+OpaHs9CBgeCkWJiZU","baseKeyType":2,"closed":-1,"used":1698824502077,"created":1698824502077,"remoteIdentityKey":"BaaRzHHzu0RH455fXpOxWTsWcB2VQGsnolN8rfbNkAtu"},"_chains":{"BWQZt2tjpb13/BmkvvodQp3VnTYzXX9lldt+JA880nZ5":{"chainKey":{"counter":9,"key":"NeC+tsmR696jgpXW7kbwjleQLr36+maCWV6Yq0ijpMk="},"chainType":2,"messageKeys":{}},"BT/+OiOll+BF0jFdf9NH7G/6qhJFxofi7hcO58ELibJk":{"chainKey":{"counter":24,"key":"bChWI7isUztShXHVhE1/Ud+EzawowYM2BGcxhtK/6fE="},"chainType":1,"messageKeys":{}}}}},"version":"v1"}