{"version":3,"hash":{"type":"Buffer","data":"tR1WXEh4JuJILcg9cNJlXwNrRQvz6fWfSUV63ZOQWwZx3qQtCg1dxxLcRAsvxStrT3Ik6huxvA0ad9u+Q7P0pFMkx0+IaLNEfqs0FzHqMFqy3SoLf5bjqyKRnSqi4/sykC6gaOs4iTjRheOaLRIsQ46ZY+1qA7gjk4phCzNhkmk="},"indexValueMap":{"WbaXORsg2OzC8yJZ/Hl4EDo0It/Jgr0E1ccArUICxiw=":{"valueMac":{"type":"Buffer","data":"6f8xVHVUSb9q4qdc1PPjBdPbYv5EVy2/jg61nidt7Ts="}},"NPBoZwXbWbCLVfYhcHjtYJK9ncUK9gw0yxvjjSRfQPc=":{"valueMac":{"type":"Buffer","data":"9+sQgSTz+epB31pKvBA8VJzMJZIDS/OyY67OeY/C9kE="}},"TP+7JisNhS4qfwGHyxkIJC4J6i0NiSuEJke+uaZQxTw=":{"valueMac":{"type":"Buffer","data":"bhzyjMpxPxQWJjPfO5fPjZLr4CLXQxJr7/+XIt4yuUY="}},"Eltgh1JmH+EERWeB/3CUeBqHR7CWpk3x/sJ3SoHhpEk=":{"valueMac":{"type":"Buffer","data":"KC/uc1VcfjL26ZByRNPL5hvvp9R5i0aAvaWagO5sAYA="}},"mshf0mr5X5yzdea/uEXgDTOG106YqFWySLKmrVY7LZY=":{"valueMac":{"type":"Buffer","data":"HIluRg00DVluiYsrZGZgL/yr0rOlygQ+F6FZTYppbFQ="}},"pjhcIymZp3atwev3v+8HpkHyPeK1DWsS+x9Y92cYee8=":{"valueMac":{"type":"Buffer","data":"yr9iCEvaCD/jSehfAS/mELNEJSpI7imJvrJxa6QNqzw="}},"+L5bU3CpxzptyriMI6Cgju55fGgFramSLw5BbxQZKoo=":{"valueMac":{"type":"Buffer","data":"pW/lWoD0R7rGzlF42WW9rIYzeKNPQPyyZjuoC8LlokI="}},"U23H+yEUhon7d/26xUlYLjLB4ac1cCu1TEbQuh1cDtE=":{"valueMac":{"type":"Buffer","data":"Y8wgU8CFQG0DwMEmh+gFCtdsplvcO/AR6TmTFD4xFhQ="}},"h8+tgTPNbUkf4h1acXX6wDdHBt4/v91oKYooY9LmtM0=":{"valueMac":{"type":"Buffer","data":"H+KAAh3SGR6h77R3xZVLspy2Y81NF+ThiPzMWpix/4M="}},"YmrRNZ/y/NDQ4tM5Lj4yDKHgrtAe5J5Bb4inBHPyZJM=":{"valueMac":{"type":"Buffer","data":"my8ROyUGoIDtDwt0r16WKizFQEp+p0kSLPzH0CjJdFw="}},"bO5rep+NKhEeA9XUisaX5ZbvPGgL1CWiEUX+nWK6TMo=":{"valueMac":{"type":"Buffer","data":"39YmXMIuqVeXFm6Zi74Eke/Cae1ubfkUZqyNVigljzE="}},"mU66dBN2vruhe64jw2wNXN3djFedKPeh5h0FghAI55c=":{"valueMac":{"type":"Buffer","data":"bMsliu1Ijq6Wqh6o/XHF/IGEAUdW6fC7SbIFSu/LQLg="}},"PrT7hY3Ep0YXEx7WA1Pem1zDn+w72puG6xsdwOs0Ae4=":{"valueMac":{"type":"Buffer","data":"RKmCN4iuu2xS6wo4JiSavjSLLTt13B7GhGTtudmkIVg="}},"t2TrSoFStb0GYPC+6uIV/13uH34JRZKYjgCtYeL0RDk=":{"valueMac":{"type":"Buffer","data":"q8qHFcegSGPBMEbRBj6BYlXDzleNCBJ72McUzIEro2Y="}},"JjVcM6pWrw30XyoqrXh6kumpNXWXGQQ2o1SjUNwsDD0=":{"valueMac":{"type":"Buffer","data":"t5Yng5IRWm3k/cSROTCp1ajvI26hOC0TFQ8GfL7aPDs="}},"cq0/4oQGwyhhvXYWzHVcBotMqHDqXYIlvS20e5+I9tw=":{"valueMac":{"type":"Buffer","data":"B4OZbtFW8Y7jLwS9yjWy27FT8pmkVzJ1T2/ELZijg/w="}},"aasyFrd9d8GjASxTtIYyO2gFKEdzVCnX0HXxHrWWT/U=":{"valueMac":{"type":"Buffer","data":"q1B0P2Z9Y5OJZGWCfT9H+LrVMrM6wlIXaidTbDS3yJw="}},"SM2TldJ09/HMMwTa8QpeuExYJjNDKBMwtgsW5Yb29Ww=":{"valueMac":{"type":"Buffer","data":"AVDnRDUpPJ2Jm66POBC3CF5cZmlpS5+rbRw1nuf3wqw="}},"uVvDqMllgUwCGFAYgissD/MssGTUSlVRJJVqCKyMgmg=":{"valueMac":{"type":"Buffer","data":"QPDWSnm48Eduu3GL62LohF28cuH55C/k6om+U61sCb4="}},"Ifb0mQ3tOYj217nZbz2/AD0j1QuHDSToes+6tnoyWlU=":{"valueMac":{"type":"Buffer","data":"icGleZvzchjwwPggq/TghMTY7vy0ocCEpIWeAXjyd5U="}},"3b6jpzSZu4iguj7cADP81cPPizvd+8yp+6fXVxVDDTo=":{"valueMac":{"type":"Buffer","data":"welLjDYkETJ0Y8C7X56kq2cSJGxzXC24wAd6ddBNdsg="}},"hYZvUFjqeU6LXf7O52Qzb/eAoyPz9iYxsDXwg0LWa6g=":{"valueMac":{"type":"Buffer","data":"330BbPsyf9umZM3EXskhDZHn6xzRBJyYQzTaTw/Rw3k="}},"6VMbg07RHSq1AUnC0+9F06rWvjB9xcrrkP26cDvVIJU=":{"valueMac":{"type":"Buffer","data":"JkGPSgl8btH5/JX1SYqpJZw//OhgYM2GGFcwD2+c+68="}},"ah4Ihjox+0B2js9bjjS38wrZqLPiD/evNj3mNE9LFvQ=":{"valueMac":{"type":"Buffer","data":"eFVgQ9kyF68IULXbQsBboCulz/9zNdENp9HTnnm6/2w="}},"HRvuBiIdXlHZBa768NEkzHbYUvKREu2qzVNBjgUWyeg=":{"valueMac":{"type":"Buffer","data":"BUVaNIm8JG9oyzRFYX9lPzPxkS+/rZ89Owz57DTOiu8="}},"FsiutnZcvAwY+0RteaXnZMPW3wKTyxmGn8J2WMNdLl8=":{"valueMac":{"type":"Buffer","data":"ygWI2hbhsO6KZm2pmQUHZioNMytqSL/J0y3VsUJD3YM="}},"L5ckQ9VhBKJVar0dPtwfJnR709O9F/DdJWH3Ti8Re1A=":{"valueMac":{"type":"Buffer","data":"a90jEpWI0tPDO7v2uAPvRvZb5mIt8sQvndT2gJyfMtE="}},"KBRVogywbRTrMsXaVYYYdl2viInppqBIs+YgRta2vXU=":{"valueMac":{"type":"Buffer","data":"+ZGMDTVjMcpKY2H2dHybOBn1M1lM2+oBn+WNNYUc3Pw="}},"eMb7BYeYwkvkK8ryUQvu+icR+fx4uu3VINw0w0tZBkY=":{"valueMac":{"type":"Buffer","data":"4d+IAJfc2qJH5wjfSmHB0uhl7nS8zrYkJqjUqa7Lru4="}},"vkSJtL8FVgp8HdO513kFtTKZDCxXyP7+SESCJkq8yEs=":{"valueMac":{"type":"Buffer","data":"/D6sg0GTk8X7dgCM4nq6JR0Ypo5S6mIYlM96N4+hFXE="}},"w25U28ILX6wEX6dBDAEC2qS22wh4dYm3sav1VBEpJJ8=":{"valueMac":{"type":"Buffer","data":"KniTIi6MShw8jRIs+9iW4iSsazobXXqhh5ezxAz/qz4="}},"al7VVkQFp/dWz4CpVqX8VZgfSMD05tIrTBtb/va4Pv8=":{"valueMac":{"type":"Buffer","data":"4ulWca1C6+rHKaD5RS8Qkr3eqacznuDJZhrLIvCvfZc="}},"gIg9MWJXAI8PbFmn/4BXuv8sQG3MB0oj0W15Ihus5eY=":{"valueMac":{"type":"Buffer","data":"LiyWwsVhAOELl8h4mP4yogWvMpejXuANcUgwHWK7XnY="}},"2buttMewUXKuqAzkysUY2QcuBhjy2PWq46Aw19UT1nc=":{"valueMac":{"type":"Buffer","data":"zou8qOy9UXz12BloJqceA+7WYPTDL+9vbQOAhar2CYs="}},"MV65P9jSSJrW9Whd3c128DoNYFumz95Y3QT5gvbFgN8=":{"valueMac":{"type":"Buffer","data":"gIJ3DQ4O0ArT6fRZHL9HjcNgos1VNaxukNW3FZsbJ5w="}},"Doj+fgAv1AOkEQGvsbFNBPx8fzLzWijyj4yGyyxdwg4=":{"valueMac":{"type":"Buffer","data":"jTt6p3Wp0WKGgAbOp7z2pRwftDX23KIiXxYC7j1xT4I="}},"uoAuK1KCo4iMp1gD1HLzYaVgR40jm9MXOOIBibRmHxU=":{"valueMac":{"type":"Buffer","data":"Z5wkEaX65PfdYh265fqffrIOKvxz46HeLiQw9ADV0SY="}},"puM//HOkBIBTDmMI8zOIVn30gvKz1wzyYFsWmGUaFIE=":{"valueMac":{"type":"Buffer","data":"iX+N4Q6yeHTuEJnD33n/XUdG371BRPRp2HQbf66CmkE="}},"bCVu9DMLjjkOpRb+nAR0P9DjwyolSTaJ/Ue0ewKbj20=":{"valueMac":{"type":"Buffer","data":"WwHI0FrkEIqT9OaSlPDQk+DKq4mM3YoQ/QNzKc1iOSw="}},"cxaOWTb2qwJU0Ke/Bakhafa1e/0C3z28Ev3ymTPCQoY=":{"valueMac":{"type":"Buffer","data":"jyrBTFy6Hb6+TIaKpoaY66WzIWHSwW9okNqWLR+9yC4="}},"yI9N+Sskgo5MVgThMyGZhe1iA5oXzqcON1NMw2DW+n0=":{"valueMac":{"type":"Buffer","data":"qh9quO0ypKrqDlhG3RskEVsiIr97cklav/1hk1lAMns="}},"+Df5c+T01B6O3Bz48Iq4GrQUiln+HFpcQ0pqRPxYz/0=":{"valueMac":{"type":"Buffer","data":"b1XW/hHtaigKoiV4QVmLn061jx/iL8zbsHSMSy/EcX0="}},"1i4Qn6Oa6/bOdujTO49St1+ipiVSS1lzxiAbwVv1E3s=":{"valueMac":{"type":"Buffer","data":"wG3Fko7z+zn+MwLJp9JVfHlYZ2tTl72wL3phw/3F7W8="}},"KebU608B/TncXclMOXJMrOTjPLJdmLzdsl7EpB9NiAo=":{"valueMac":{"type":"Buffer","data":"kfR21LJbhuvMWq54NbK3HBn4iJ6sPnjCWRJqk8R9Gow="}},"1/HxP7Vuho6nA702UTAj7rYvNi7zdXj8WM4ajzQ8P74=":{"valueMac":{"type":"Buffer","data":"d55UaLd90a0+1mELuM3rY/peIMyFvtjuYTzswJe3NF8="}},"Mq8XPMWuUWc7ytY7Ljc3e+X0njnB6u0HVSAulSMdppo=":{"valueMac":{"type":"Buffer","data":"/MZteJgmrdTsUoY7ZQx/VJxG1957prbn5JZdQSmDPpo="}},"FIYUc+Wq1ooTIuKg5hnI6EjqZkBvSXRKwytLOEpQdCc=":{"valueMac":{"type":"Buffer","data":"ttnO7lGRGu5v2zxmrykJV/tXOZxtzWc6nUjqPB7CpX8="}},"ixjR7qwlN3SeScypMW6a/cq+vX60D+mOEDY52Krzkhk=":{"valueMac":{"type":"Buffer","data":"wvTID8qn0atBDLA+XZ16pLQjei6IB445AKbr76cDUqI="}},"JK5AmuqKbBVIOoN39c4n603tLJEvOEEImBUepXurdLo=":{"valueMac":{"type":"Buffer","data":"3dH3Ir2m8JbsmJZy80ZNFXhrUbdi8+6bx6KYMsBmSG4="}},"5DZQxDk7fDFgYrHI2MmGogb249q5xceV58BHN5YHUXE=":{"valueMac":{"type":"Buffer","data":"fk1BSbnW2pYcWTZWntmpMqLdfbDiucKCINzHaRQ/l8M="}},"TGFhGzUz4w6Tm/ktr7lj1tM8lgBN+Rnl/COtg3Cv970=":{"valueMac":{"type":"Buffer","data":"+ZmrjjYtA4dllM7+WwLa86NwATOR2qUwAzq21fyCuaQ="}},"ied+ZKG3TKDUSA9CwcWOnAJPSVEgzO/5RNmNaYSenhE=":{"valueMac":{"type":"Buffer","data":"jUCPSEaz5NFCHJBa3R6UaOsplJxz/0cDr6w0D5IxMpM="}},"Yj/v63Ymwg+L39Nty6s9zJwqWMFsM6eZoxamnh48q0o=":{"valueMac":{"type":"Buffer","data":"VziHckfEWcvJ+YWG9Fm+9GjIwUpFoCwo90uAdXF7wKc="}},"JRm/by7N2azMbH9HOmBrx43Snp5V3rsmW7N2zXwHqXg=":{"valueMac":{"type":"Buffer","data":"tYRpZOwrtXOPCTft7zYOpQvs6XL+Wa8k4UYH0HJ+x+E="}},"XE5eIyYH0aPGP2FTKA6cDvNBJOe/sjxse+oxc+M5YrY=":{"valueMac":{"type":"Buffer","data":"FgLlY3MwTxYnxcaEaqaOt8MoIdq3BPsjYH7LxFit9o8="}},"6mvFWZOTZXURyYGe8tRaUxfoYiCdc1caXWlcifSg1CA=":{"valueMac":{"type":"Buffer","data":"9y9zzP2aAeYVPx4rhMjuPa5o7DDkaoFIAoRIwAWTm6Y="}},"RDTbBxNNfSNMo0NrzxUwxLqRhnsm6Z7WcBGUIsjSW24=":{"valueMac":{"type":"Buffer","data":"1MD1YcUjD1lxyI+pQgKsXR3m64wTIuQKlSj8UlhtDdQ="}},"5WePb0p0Ls+zNXhkEkbFjGjvA7iGHMF0DGWQZYPhEyw=":{"valueMac":{"type":"Buffer","data":"ce7nZlCVzf2rsFrj+9AaTTUskZ3X8h+dp5rkbgUPCBY="}},"nJZBDY8KRCZkXt4Bl70gk8QilicZTfPGPbEJVsYWRSM=":{"valueMac":{"type":"Buffer","data":"3IJwmFDrzu2fawD92DG7lmxhlsJh4pxJkqiLYBMENuI="}},"bKB25UL29QhlMrowBWfPOcb4RaaJ/rtv++KH2Lt5Tec=":{"valueMac":{"type":"Buffer","data":"UvmgfLMp2tU3OJmbE96dZegqvcXKMS7X6Dhv0XP4+7g="}},"5/SlqsBU0ikIJgQvaLyFSApF0VdBJqNkmzhWJ7fDVk4=":{"valueMac":{"type":"Buffer","data":"/NASx9PHf6lprYhsvGwu0XqGAIwSbDn37QPuhrO17vU="}},"lEI+qKh9GG+VxfQx6e2PhdCyt5D2XuhKE+ESFEl2FXQ=":{"valueMac":{"type":"Buffer","data":"5GrgAZBehmSKsVjvkjmHOPcdDSYxitmyaNzek3YW1BI="}},"CdQoLdWocCBb3v/vz3P4sRQUaL6RZjNR64bC/4gnZbM=":{"valueMac":{"type":"Buffer","data":"lWVUFctaQfZXJ8rKi8PW1toV5s0MqVb+GIGuUAU2rEY="}},"lXnHkyHyD25SU1fNt6wTvopLBlE3aLhlUynGB7mjLi8=":{"valueMac":{"type":"Buffer","data":"qlKCF1NjMTsBYjDD2H+gjyFSKcnX5BeXwGP8vbZMzBg="}},"UXSE4T1I7/RqkZ8sNe2yM9cpoJEZgS4HJuMRmRla4d4=":{"valueMac":{"type":"Buffer","data":"xvwQuABMSSHsyfN3/CuyR5gezB5i0HFQkniVdVRidk8="}},"+7UuQOA8R1vuhPX6EmQnghcSpvyRnUxuvL0r34rmqF4=":{"valueMac":{"type":"Buffer","data":"hjju7nB78M1F8+8BIGBo937MDkfBBZpNFpFfVwy30GI="}},"/46nlCmab14yMhWTXCXQ0V+qGKWD1QJQLzBRjkDb0AI=":{"valueMac":{"type":"Buffer","data":"VMPy/VdcCEtTwlD3YykblVOaQ+0qFC89tAw0bmtSrtA="}},"uHL+LI5sWAyO+mt8YTmawrQIGcpeMZ+wzOtszt5uCH0=":{"valueMac":{"type":"Buffer","data":"FvN3GfWEYmzjZSlOvcVn5kJLaGnetGgSmsAtoX7I01w="}},"fX9841KPe///mdVVRmXwDMr5d+Y1wpD/IXPr8slKmEc=":{"valueMac":{"type":"Buffer","data":"pMtkqLYcEU9vwU/Z+cHpsPrtof1LYh/FJiLXHlMnVPA="}},"M/XPa5rNf0Myt+w17MeyhSVd6aEGw4t0qAcC0RDBO4U=":{"valueMac":{"type":"Buffer","data":"Y7gSqo7BEvm5D9Noq7qfSs72pZ5kFY56SjqS6UrQMvM="}},"cms5PI6pgA2DcIxk0sfV2vvz9sdeZLHjz1gC3MRKmYY=":{"valueMac":{"type":"Buffer","data":"KmNFODnfbtsP/BiOWE5dPj9P/4SCcCt6jWhS0htQPM4="}},"Jka2CC/oNRs56TQJH5sQhaRQWuLYOykPY0mmVABvLQ8=":{"valueMac":{"type":"Buffer","data":"rhzLp6aumR192I/+a9QWGqtB2wCXRrkoQkzVzw2X4SI="}},"RbqA3QKB1iZOFKIWLX6+dYXj2Wtok0agrP4EUjKJtkM=":{"valueMac":{"type":"Buffer","data":"5qpO5J448ZoR9EZwI1sB/vvy7Cw9a08y5i4K6Jv4sTc="}},"/1+PYQyemqkzl8hU/0XOvtQPkvCrPE5FfRZ+fC47p80=":{"valueMac":{"type":"Buffer","data":"DtEfMSXBwbBu1TBgneNZKGXx6lskg0+8/4hBt7sEvo8="}},"JSZ9LjKoUaapk/BXVXwqU7Fqu0z98lI43HeT+XNnmEc=":{"valueMac":{"type":"Buffer","data":"wPbxJeWkBYMY5gEYaRwwZWNSmQZCWewQVaXjRAJozWo="}},"UxBR1DNDUZKRt2jjtgbj8dm6m42WCUxE1vPAdGjn2HU=":{"valueMac":{"type":"Buffer","data":"6fbtcmvB+UfB2bMf2yZPC7VeswsfRliQqlBS/MSmRC4="}},"RWVZGUVHBe5nCG813xkzamjGv7f6YyScGHfXmEoOhBE=":{"valueMac":{"type":"Buffer","data":"Q5KLDb8KEPjoiuwi5xETtoSuK+RL/QTN6LQ89jYmZ/w="}},"oLdrhyRh9tXYUCMF9Oa5j7ooQvPB7rlddV6DWJUGJxQ=":{"valueMac":{"type":"Buffer","data":"t06ULoalfsVX4WS8JVmei2UQZUnbhxtUqHUJkcq4CPE="}},"5MZJ6IZHKH88G4Da1Ul70XwggLe4G9DdZ5BA1f0q8cM=":{"valueMac":{"type":"Buffer","data":"Iq3hGip99aXUfZsLhJoO8u7oHC1a3akrSHioSWAjCak="}},"ZaGZj9brAJpwC1ccvKTRdw6qL/l0Yw02KvEryT0SJ1o=":{"valueMac":{"type":"Buffer","data":"jatPvSg6HntiE88wbPnxp3EBmARgYyPdRcC449/Nmq4="}},"uTczVQCUd1lSqMWSZFohwNL9/+DRjD01HnsP1v8dd6g=":{"valueMac":{"type":"Buffer","data":"BsnvA3MZBfRCEJ2n0n/LnWw09osVNj29vzBkTBtd8lo="}},"BUY4EEYstM+2nVIUBpsVyO5VmnthzQr2Qjf5x3URC+k=":{"valueMac":{"type":"Buffer","data":"KvCCPsYA1tLkaIN/dEu06YVAh89tvVP9ynhJlcec8yc="}},"+1fpfUOw+MkdGSMQN58Kr/oIMtJrNt5cdZbpfVMcFPA=":{"valueMac":{"type":"Buffer","data":"bBjnfcj53qhtux9VmGp9oyAHD0rHAC7Qy2X0CmfGUBE="}},"z9AACtr5OJW2enq9D2nIZNbbP9GlAVWslqKbzGewSR0=":{"valueMac":{"type":"Buffer","data":"lTcgpLf7Cw5NInmGsfOHG3ndKQ57yWdwS/xaVK6Px5w="}},"0CksO6+AlUbCQczkIky2lKxm32vPyrdvs8XGBHHE1OU=":{"valueMac":{"type":"Buffer","data":"nyskTfwZgWLo+hT9UL2IO9JkjT2SGiQSXYQS2sjbzD8="}},"6xpb4Dk+JeUN9UnhWj0xoB/FP1U9B/o2OVLp5vdlcBw=":{"valueMac":{"type":"Buffer","data":"i/VQQDDyN3l52FlRVTb3R2nTKON/V+W84E4Dk4Tzfh8="}},"0jEdId4rEaQo0+OaGPGdt+yTQotHJx2ywcfWdGjiI1k=":{"valueMac":{"type":"Buffer","data":"tzxnO2Mrih9gjvRfAmF1xqA6FHWlBRyzIPqKkYI/08I="}},"lxXZ2rvqJvE3D2G3PqYbvDJWwnuzuV6RZOJW5pYM4W4=":{"valueMac":{"type":"Buffer","data":"ukLmlk7Z5DFpbralLEkGmeXgqfi2OoBKcSMedPvGACs="}},"YgNnqOOW7LXCfaBoPu34nb3WiOZBDkfnJMMttem39c4=":{"valueMac":{"type":"Buffer","data":"BbSxn/GbG/OJiqb9NYR1j8RDr7Y3ZTuTKs8PWFN75DI="}},"WBrLkufDgUWo7hPXtSOj0jMUDgCs87bYKtaBkolcyuA=":{"valueMac":{"type":"Buffer","data":"CE2nt0tsz9qVPWGn/gPFdZ/GTnXUcVc4c4B+VhE4U2c="}},"WlLEPf5QTAGEqlM25XlPsx3ID7KO6aIEFVDwrOhAU38=":{"valueMac":{"type":"Buffer","data":"53GmSk6e5eKYNGSIW1aDhCgGQSIXHe8ZxlrQOjgsMJQ="}},"PkUfvT7Ygy2RaxaVuizQfvw/Ns/+W7EUTiA1zwdLRAI=":{"valueMac":{"type":"Buffer","data":"jPJOwshzo3/CWGQD/p6+gHzOhiYHsDh636LlMs9zdhU="}},"vnEMPsQGG099aU2pxDHW/C6Eng25gdsuw85Fw03juj8=":{"valueMac":{"type":"Buffer","data":"SWDnR5cWIyDEqA1Y37YVe3BD5tDLEKLYVswulaSHxZo="}},"MbEMgZ6XgBnzwaWzvwFytlewiK9l+zH5dCA/Olxg5v0=":{"valueMac":{"type":"Buffer","data":"2dKlZAb7ZYcggJs5WIo5jmT3Ajx6INvUcYjnH9+IPw8="}},"xmBH2BqACnH/NtMPdOZTU0s4ydiCPlkK8DHAfLgR7jw=":{"valueMac":{"type":"Buffer","data":"w2SIT2YjdlKNqq49LUw6YmtDyV8SXA7E4BcSo1J8o2U="}},"xGjEV0y0CUlOFo5z5r51NvvsV/J5EmWU3GP5gsXd7Ic=":{"valueMac":{"type":"Buffer","data":"nKJ8Z2U6YMlnoYZLFKzOHpb4d/yNRwy4ot1KnUOFtbA="}},"XKcYoVGw2yh9sNKz6BUGMewGDoy+TX4r7lwx6657U3w=":{"valueMac":{"type":"Buffer","data":"T43L3O1wT7S81nkiWHDofpq3pS0sUO9g0HM1RHpCs+I="}},"dOXq/yAqzjHy+1IrifGvd4cb6XX/eoUtXIjJqcqLoog=":{"valueMac":{"type":"Buffer","data":"N39PWhG4+ac87fI21eXKKfyngpYDWXZ08NTEfTYNee4="}},"1/QvwjFCENFKPfUPSeVEFtCKupKQSZ9xY742eRX3K+g=":{"valueMac":{"type":"Buffer","data":"6VHjZPa+Y9LYfP2j/yZYvqBzR2B8By0hHACzNijT9Qc="}},"yN2pOVDiCojSl9OGlWpsVcqWWuSGFwJfMCRVfUSFklo=":{"valueMac":{"type":"Buffer","data":"k5EIncpaECF7mmaX0hrJcer8+te+TD71dDK6AsJfxSs="}},"uG0UJ7+py+vvLquv5VpiUGp/LD4EkvAFKT+uxxxi8wQ=":{"valueMac":{"type":"Buffer","data":"fKNTE4+MbxQguAyQ9ZJD/b935u397yMNZcps74/T0qg="}},"dtATG7JiTBXfuBDxj7+g2ITLOaR2cKsA1CfXcpyXELI=":{"valueMac":{"type":"Buffer","data":"n5jxvBOA1QLRuJsa+aDgCMpqIA+zAvwN4+ojbJnuhXM="}},"FnyV5+0TeIlV5qlgr1PTJNf9n2PAgCf8h9stwu17uwY=":{"valueMac":{"type":"Buffer","data":"eB7aVSIIp5EvacwiD/w1iRoB7QIAEUHuuGZ0YMft3fQ="}},"OzKcHZ4F/RosqjDJh9nwrKsQiSDWpCXoioYHJrUDyKM=":{"valueMac":{"type":"Buffer","data":"kWdWL0Q+bWH98NNRRe8pZE1w08wwy2kCW6RIjfzF18k="}},"hu1ZjtPyH0QQ22wFYxGN3PmYhyOBRyGEzLN0HhHepRc=":{"valueMac":{"type":"Buffer","data":"WZ0YOcpmdOXmBS0def8es9vgIZj+h9Bi4sZR6iL5QUw="}},"v0k/nNzpEi1unuf5GMZzRLH/x003N2q4gSI6HtQi4yU=":{"valueMac":{"type":"Buffer","data":"SJba07KKY2hr2aJ+4iC5HK+OXzmVW7WuQGhxzzq0FAs="}},"8pqFP16DTXULHi7qclejjMGcrJwqc6Yr2V8safakmVs=":{"valueMac":{"type":"Buffer","data":"C+VFPAt1Uq7Vequ/GkcbDe66XLur78XdPvD5vEvYlEo="}},"2ajqG5Op8vaUbjBZhfRD+37aP0UPyx2M4Y8AVz5mt/k=":{"valueMac":{"type":"Buffer","data":"GBczdOWPyJ/yNAHnAsh7dyHtAhz/WH2MJcg9EW+8/VA="}},"nCkFr6jdOqr5oYu8+KMNJYJzKPRneVT9YyjH7nMTfTc=":{"valueMac":{"type":"Buffer","data":"+IEy+188peiC0V0MR9COD4flItS3yRmK3CD0jvp15Vo="}},"tpTptAsbxKo3YsLXw4dxZP7/YGwBW4VW1tZicvuEsTg=":{"valueMac":{"type":"Buffer","data":"1oIF+s+xHJDQNEt83wfTvMTAfYRKcxr9aIZwlnjcmQ8="}},"uvJP+5p6zitTA01fLVaa1/GwgXH9MRoXU9sOk6NyMjI=":{"valueMac":{"type":"Buffer","data":"NBHSU7Tjp010VsOaKPDkycf/LyGotoib+aH2zK6AJB4="}},"1MrOVwjBNtIFD3Q/kz+OZSr95xot1skDhZAR/fZkTos=":{"valueMac":{"type":"Buffer","data":"KxwQfOz9nr5LIziXdmhDYA426Spm8qGt1Xp9W37WEfQ="}},"OZPT5W+Lo74DDAeqRRJB1d/v94UnebiJAqLVCY3SBGo=":{"valueMac":{"type":"Buffer","data":"E60Vpro83ly0o49IX21sRVPWR3IYO5V5NWwjbuaKHfA="}},"TCxKRS7QCFN1M74XLD8B0HMiKAfNyj2Mmg7G+ULtuew=":{"valueMac":{"type":"Buffer","data":"oQjsF8yhJxajZ0BztjyDPE62vyjY+RCWPQd5cJD6wDA="}},"XPZSRG1vc4qEMaW/nUwG63mBkWHfnLJSfy4QiBre4JQ=":{"valueMac":{"type":"Buffer","data":"Az4ABe43UlziQDC+vqdGMWHlHl5VTVkIgSy+6Tbc+OQ="}},"J3m6SIbsdG4B4+pRIe/No7Xma9V7rj9E06qfC+1S9VM=":{"valueMac":{"type":"Buffer","data":"+lhBoHL1kGynm9AyRoX0T9aCKA6r9C2Hz0W+q7Sg9QQ="}},"A+icmnfU9oAunrUQWgufQfA8woTRCkWGuVTkNKu7VFI=":{"valueMac":{"type":"Buffer","data":"VmbFfNLNf5t0syZqMX0Db/1EigKdO6L+9h1Kz23DXKk="}},"7D6nhf6tHNW8L9lqBdBCOmsYydGmp/TYVnUvbEGKibY=":{"valueMac":{"type":"Buffer","data":"yBzxFQCmCmibUtSlxQDqWmnaBSjhNbDl+2Y/J551xXI="}},"EsimbQiU42oZTOdhsZUtC87Hl2LmKn/ypoRoXeedp9M=":{"valueMac":{"type":"Buffer","data":"ov2Su3QvOjI7XaIfLLX6viJcjTXcG3QOoHonmCETzfs="}},"m92/pI/F9geQcPyt0EPBbXmb+0qmAP+lwLV7avBBFHA=":{"valueMac":{"type":"Buffer","data":"Ep4G0FGqIZ6AdM7cbgW7TVSwcewZ3f52eBxoxGcJR6o="}},"KDBCh50Cr2NYVH/UQucr75UQ+sW0GOLoqUadQO9M3pU=":{"valueMac":{"type":"Buffer","data":"ScQsMrHpzRhcSKkCZQhJHxKqhb8JqFO0hnbMttOuiBw="}},"Lq/FVYqhL5gIJcd/k/kwwMC55xrdrOJI1W4LB/VLRv8=":{"valueMac":{"type":"Buffer","data":"oVYuDdQ5QLPwJYKwcJ5vHI06rsDP+6rNtJf0Q82bhEE="}},"Ou4UNH4W+SKaRcjp8D7Uw+YuGxnjtkxCOX64/zEl8v8=":{"valueMac":{"type":"Buffer","data":"2xfcx09TwsrHdg/AgMj3ATwWKpftRx4mq79gBNFrNjI="}},"hxCpfhg/P1VpwHRcORJAmx4nURPPiGOlpejPbbvGTxY=":{"valueMac":{"type":"Buffer","data":"yTX1eDObt7NU+MWxnevVxu6O88sexoNInYtlNrGLRW8="}},"Y4cg3Q5lCCvoxN11sbJojsf6ly6EMk/8qQfQ2VzipHU=":{"valueMac":{"type":"Buffer","data":"Y8F/r6g2I2As5AdbQnivFrpHAU9twhqTDt5oiIWPl5U="}},"Pdhuu+o4tyCpEahyh8107ALV57nVeaiKr/iDHVZ/Xcg=":{"valueMac":{"type":"Buffer","data":"ccYu/COreGlz1eQFBhDXvcW9pFP1wlcUczFzdRtDau4="}},"cH9/IXomxIsWUmGqr4Sl1osXjjhHTMMA7Csa8It2SY0=":{"valueMac":{"type":"Buffer","data":"aOrbq4C7MhcEl9cxRhVfC3l3O7TMH9x269H5FE0GMj4="}},"veaSmQ23koOEwBiLAoi3j/54Uv2XzODAaODX0zgW9/w=":{"valueMac":{"type":"Buffer","data":"cIrM0alqIgALkznwXq1+/YZbIZuc5/MoQDOgvL/lsuI="}},"WibRHBWbNhdBA0IKKGFlmsTV0hoSpOwzEw1pOH+8634=":{"valueMac":{"type":"Buffer","data":"E+3GQxDesYLhUy3GXTHJzREDNEJqU2S+zgsrQD6+DdA="}},"BFIx854LnF6SphRCjd24H6yx6nehNjhWLnfo7sFfQrU=":{"valueMac":{"type":"Buffer","data":"zRIjxhz5UpsSz/NQ8xGXxzLjbCJwFTwTCFLUWeZWFH0="}},"Axku91bjEHTRXcgN7AjHE36so+ga2VLCrGMWP6CSbxk=":{"valueMac":{"type":"Buffer","data":"p3oHNCooAirGj19HMd0SfCOJaskGYxqdGBrUbh64wyY="}},"1F0urRbVCSTmhhAOYqVAHnXwbFqGG/GWB8zwU4HJ5do=":{"valueMac":{"type":"Buffer","data":"oBPmnthNYkZQHvNgH8j/IEmnuhlx2eAhVL2W+VlbK14="}},"qCgMM0XKuhXvoj9gVciW/UGbNqfZUaY/XBu/fp50y58=":{"valueMac":{"type":"Buffer","data":"IxBaKSDsbKXfbcBTXqn8qo9sePsNERAnK9KvF4qHLas="}},"VxXwOqFPsU5SSP9lOmre2LnXVvVam2EDv4gK4ViqRs0=":{"valueMac":{"type":"Buffer","data":"54t/NnaPHZmsim2QW4qiRMHDxWYe2XHFTtAbEkkVKjw="}},"iXpX48Hd/MzN6U9QFfDGSgXAk4GP7v1QJB8+jhXqisg=":{"valueMac":{"type":"Buffer","data":"6OcsxWaLnPXNI5S2klWc3WtjeFwswmsTZz2q/CyHMqo="}},"wSGykQ/qi4nSVJt0PMJK88lC0F67ghvvml4taRb1MIs=":{"valueMac":{"type":"Buffer","data":"FAQSG6rzMPaKEE5Wta8i0w/t4UU3zqttH0ZUl7QZ1d8="}},"BO0OlSOAoWsLfN9yPt/uhFDr1leN/mOioPhxM0Tfrvc=":{"valueMac":{"type":"Buffer","data":"0bZldqtNJWZKT5s+iv56YVLLGB2sgo7QZv7pNHFkND8="}},"PRTkDcrX4m3la07clbM+dwqIKd4jNbEoAWEdQaxK6Xg=":{"valueMac":{"type":"Buffer","data":"jF1J374sjC1JT7lBSFESccbk9+OvZQ/wM2oaLLuiE7I="}},"Qg7iiKMBQLySeOPbYqAyKK0vKakGW6NSBpuSaHZfuwU=":{"valueMac":{"type":"Buffer","data":"WWmXiNg1g/roIkp1cQY0AIvKDNl0gvAjAoWyvkjuG5s="}},"HL63N1iceBSZlCqrErw9MR/zGpyZQccWyOfVBeGFF6g=":{"valueMac":{"type":"Buffer","data":"MVdeEgX7Uboe2eMyXZtRJpTvJa5BTWSo5oFVxzL5tcY="}},"ATmq81L48jzvdyFCh0xl68iRDWmYRSDINYDkqkEYixQ=":{"valueMac":{"type":"Buffer","data":"UTTaMrR3E1/bDR7SHqd9CK2oh6ASXBF3L1McWebFwd4="}},"iQLWKBk83CPzQ9NKJaNLWmIvh/i6ONtK6K/h3zp8mGw=":{"valueMac":{"type":"Buffer","data":"M1413zx0xgDZda48U5RARWjJeFxF2q3OvwbFB0QEDCw="}},"oZm9aMm17tYa8kCw0o91DkjHSSsHRACcc6ZbhGC0RxU=":{"valueMac":{"type":"Buffer","data":"aLEAavQJ1kPES7tiIWlJF0ICj27etxbOfxuRG/7AeQg="}},"IRZaTbMw8i86iSDL/gHqXMCXxmriXWIe+nTyyj0mKmo=":{"valueMac":{"type":"Buffer","data":"MQBxnUyEEqVJ4n5qNx6TUiz0uWJn8zXVU08E+cmDcEI="}},"HSLbeWG8gf4xKpwjqNMWP+NYRu29ZdFsRAGctXqyy9A=":{"valueMac":{"type":"Buffer","data":"JO4xBiWAr5BmF+RSCd9mzW1zb26lYqkMUKghXmlORjU="}},"wmnVdzaWTLzVdtxKf19sryj+ngK19fHlivf/MqXAcSY=":{"valueMac":{"type":"Buffer","data":"aE9cInab/rcpWaiz7GcRBqXlpZwESudcUt4UIledDZE="}},"M73/1pnCqlyM4vZ8tOf9zjfFm4dd0J8vW9rAGpnJWCI=":{"valueMac":{"type":"Buffer","data":"ZjQVOtB3LP224hTjGhpDYRpEXgrw8wGA7UPo3ESnJ0U="}},"PL8KqJwTSsGpwTo4CkiVCsvLki4Fc8lvqpZCJahrmIE=":{"valueMac":{"type":"Buffer","data":"VfRhD9HZ+c4vJhfhBk8/zoC9fI8EtFP3k70F8uw6Sic="}},"DiIiN7USMWoEPgCw/gVSR/bsvux7559PbXy20mjTZk8=":{"valueMac":{"type":"Buffer","data":"MKDnruLj3gqneHiaZglv6/QTsxBWIVjD936MKIS1uA4="}},"O/RQwiScEHUmdNP6l2lJQPcNUP1C/muWNHkHo39eBTM=":{"valueMac":{"type":"Buffer","data":"q2f1PUSoyy2EqYQ38at2BKVtumSSryp5Nsq+HmtxEBE="}},"PdjXvRbLv+9WbkQDQTeJYTgC2cGCWKwpEBX0SGo+Hic=":{"valueMac":{"type":"Buffer","data":"S2tUV+Xu8nicc4rUR9+dbSOj7DkuIrnn37Ge8GtN+ng="}},"cPfNPrybi9bV5CFf9QKbJ8wBfckITZAYwX0kJfRO7dE=":{"valueMac":{"type":"Buffer","data":"rN4AqPqkC9VlyWtOzjHLcZNZB4bJynX99O7wAYWmZYw="}},"0Vd+BjM0dnq2PQONT5dWxHVunLWFwKnsz5PgeBkwyFM=":{"valueMac":{"type":"Buffer","data":"VGwdV/fd8en9JUUSvDRNk1WvMnCon/1pwQYFzkgO++M="}},"34NLqtmMMekLKQJ0VhMj6MQfkOgL+w3idT2zqhYtYKw=":{"valueMac":{"type":"Buffer","data":"9nUNdsvgyfCfeBm0dX0QFmtqUCANvimYO7BI/FiIdQM="}},"14YvibihEIIBfS+tMqvVzhId4ccLIxJHs8DZkGT8PdY=":{"valueMac":{"type":"Buffer","data":"/QrqxkPbuWgz67ue4Ifjf2C++NuCM1Wl3x6ic5V4UnI="}},"0P1Oi5sWFdoLkLnrl8lBMd5GgFGJsDplbx3Syjn9pPw=":{"valueMac":{"type":"Buffer","data":"SU/NBYmyKXOKKUdJPTG67NQsGn6swB1jeMJAvkqWNuM="}},"cvgh74N+oJjpiUl/8Ig6Z7zdxtmsjIBeeOyLVfplGDA=":{"valueMac":{"type":"Buffer","data":"F4VTy5lqTRsIae7SA2vj1sWxw3VOgYdV/km3vOmassk="}},"QAA6qJaI329N0abY022KnN7GmorR2MkhtU6ZG25LCys=":{"valueMac":{"type":"Buffer","data":"IqG6g5EsD9ZafaZj30RQ1r9kY6KFAUsUJ5n3jR84Sr8="}},"pYSHIEESu3OHY8ROBj9ZpsjWB8tpBE0yah8LwJeHR1I=":{"valueMac":{"type":"Buffer","data":"39thZ3fa6zc8VJKPm5ALN07ULCI03eaMWpj67qgtITI="}},"qIDxcFRoRff3knYquTZzwmhLFOPnD8Ze6leHgMGnwQo=":{"valueMac":{"type":"Buffer","data":"/1PoZ5pIgLpH6PY+q1KmYBCOiNiDSfQm4Pp7tFjXuVg="}},"r7/hGdvKShxd6HO38F7Q04CuYijkbyhNLY2W9DXaGuY=":{"valueMac":{"type":"Buffer","data":"7P93sE8k8Nt2nwNrjLAlNUz2kNlPsR696I8UtV75bgw="}},"E0UN7KjeetckudIbDoc/f5VNdVpORP2PBrKWnC4f1fY=":{"valueMac":{"type":"Buffer","data":"3W7vqC/Ozbii4q+mNZZShB/nAKh1K8aJgArFArdimQI="}},"nzcsByORtUKa3Mnv25c53DMFE9nlhjCVx1oGJPe6Ijk=":{"valueMac":{"type":"Buffer","data":"xVmz1Es1BOsSIcH8DkzFu3n7LvoVCwhNds8edpGMaGw="}},"Awb6l3H5ENF1ssyr6Z0q0XrIL0TEwYTW1IEGWX90ccA=":{"valueMac":{"type":"Buffer","data":"Ay3glH80XYJE8DdSZ7sW0Yx395JP9WIF2ApveHvruCs="}},"Lg9LrvNRhwdv+XA3/QoqT4Uuv/qsCv7DRsdAgEMEkcM=":{"valueMac":{"type":"Buffer","data":"fmS8YHVKRSH0pf2y/1RwpbbteAhRkluZV+21eXzwvno="}},"D1vYaK17LIgJ7QTr+bboc1q6DFJQoPesPj62inzBOis=":{"valueMac":{"type":"Buffer","data":"FqKwQzj8Ba6qDNOaPs0hQ1z6WvaA5WrqSfGVqdIhGW8="}},"vxf4s3Cj7F+VMAmDK68filkqZvyXRGIVa8S0zD9jtBs=":{"valueMac":{"type":"Buffer","data":"/l5jMidCKbxpLIpSgqgcf1Jtxca4GEVS1YfAMto2l9c="}},"oUjM2r+m6+BqylEZ+f/0WjlkgZycp99sPOS5D5rI5ts=":{"valueMac":{"type":"Buffer","data":"Z9R5sT6huv8ZDXUeX0hfN+y9rErFNB25Ejr4xBF3Hww="}},"2mq5k4RmqZFYk4l8UImQXKZv+OzkhrfyTQ4CISPm2G0=":{"valueMac":{"type":"Buffer","data":"8NHtL5ahVxFn/JcNE/Y4lzPrbvweNmpjPIv9iL09UWM="}},"K0uVQHRUv/vSI9dSUNqzeS/Jg4CIt7Z8Z1xZq0JtA/w=":{"valueMac":{"type":"Buffer","data":"zgj0F7AC/LfpGJOMEPpAyqNj0xsnOa2sR7YfWZBC2cY="}},"111H298LT++8ThcEa9vexAwWP8M7fzDaswjSLHeYrJc=":{"valueMac":{"type":"Buffer","data":"Wz0AaC7BVULCv5LA6DZzfGdESIhTwS9a+6xWyYvnJoI="}},"4S6B1aeM6lt5h2OgYTCvpjvV7g9oMAL9RTPguVOMD7A=":{"valueMac":{"type":"Buffer","data":"0X8lJ5PGAfUmzyPbY5Fa9t/ESK82b4NCwOAKDjEFCZA="}},"qDOeu/R/BgYvlJ/0wQ5ouwm9QU0rWcRtPV+gWAtO3R8=":{"valueMac":{"type":"Buffer","data":"4Vpjh1yS1IabG6pPunMkTSJkDBHftcsS+zL1NGDsKWw="}},"wkUNnZDtj1VMc/H68+F39DhyvWLSPAbJXqiR9tMB6VU=":{"valueMac":{"type":"Buffer","data":"7Mw2XCDf/3wpTbIpMdbfJ0u1SqZ1T107lM15TwNW91Q="}},"RJsDESUAy5W560zV2v6rXl1uNgo/DiUFq/MiEspGr3w=":{"valueMac":{"type":"Buffer","data":"kWLH3VAJcAJLu3mIx6sdIyhlqvMd6/2dx8936ULE8Yg="}},"HqMo9R6opjr9y80htznGP/H+Dn4oMFVnkmpBkOewgFY=":{"valueMac":{"type":"Buffer","data":"SzHuWYBhc2idtecZQC+Yg+I3o+Nqle3wK46xmnifYFc="}},"zIIAqE8EeLNB3gta4qQhepkgYqAttIvPDNKp/KGhW0g=":{"valueMac":{"type":"Buffer","data":"0AIdCRM5IjNr1KDd0UUY1GydPsEsoAKK9biE7Sr/lBk="}},"SAf3goHJ/vxm5eEhdVPotxsWzkcipIb/w4t6TiB/6Gg=":{"valueMac":{"type":"Buffer","data":"juxF+4Us+Uk5KWFyA9W7epD2ZbfNp+50Q3LU4XjxUws="}},"lbsbHYhHP4Ndu97+bOmqA5t9U0NN65gb83ewZTuJvwE=":{"valueMac":{"type":"Buffer","data":"H7HK31v/tmT4GPSc/yqMPnPlwRl1xOeJqr/lNRyj1j8="}},"QcmW+ebGL7ta/s8WH4RDUEF2LFGwIxCBmKs3Id7W4+s=":{"valueMac":{"type":"Buffer","data":"vynn69EX9jgvFfoI0Rnhjzs1OfWuWXUUwl2kamVAjRo="}},"ivi07TtNNQOUh3QUMmFqA7f5NRJoGy8v5vUPOM/2Sc8=":{"valueMac":{"type":"Buffer","data":"y2KnkGPpJV5Oj/qDJ07mNe4b3BOF3PoScuQEvibM9HQ="}},"AlEPRxsXfzJs1LbfPkAHpPO3FsecObCccrMkcmzH9iQ=":{"valueMac":{"type":"Buffer","data":"Up9I7kZ1VeRo5kEi6AHCkBDQbgLc4n6UIEDbhHBnlLQ="}},"GWghN44bn1HxZPY2mX4A1lZprTZlSJ8tndwCxO7v+HQ=":{"valueMac":{"type":"Buffer","data":"unRgUzYZBkyqG7qCPrqk4BEE+ZQN+GJsaYKw6t6Af0k="}},"DjVJ2KVtbO3OJtsjCAY4PNne8HCXOyiDuLteQyrjt0Y=":{"valueMac":{"type":"Buffer","data":"SBT2gj/KWTIowpmb6+hBdkHmBeWFpO8R0I1XN5xoMP4="}}}}