{"version":3,"hash":{"type":"Buffer","data":"99Uvp9r7vfFbehFofRewKIirxI7VdQ4AXgE+H3s/AeOWHYigyPc6tkZUDAugVymB3TeqEPkEdw/HN2sgJ4VSpvRonvYg+AYPnUWxI4XJsyGiYEYPWzfTBGJjiZ5V3fzs+H5cTkD+6dgmLi+pQsNQ9fqtKH7IqnBhUtJb9LnL5jU="},"indexValueMap":{"MMFhn+kfezPNIA89oc2iRhLzNjmqZ9p5hk/NFthz4tw=":{"valueMac":{"type":"Buffer","data":"K4mbp+2QSUYP4xtGnSFnLiblp9lBH5AfZ0nDzvLL0xI="}},"tmV+hKNhZdP0yL5doOIuELsRUb3ZJmRou+DwyxND7FQ=":{"valueMac":{"type":"Buffer","data":"LwHYBlcQbSfkzOEJavyKf2IIfOTDojNIBAYKK9RQqWI="}},"gCpNP1T2b6OVbBW5MrApOYIncbc8fY7+Ov4/Rb8WrEc=":{"valueMac":{"type":"Buffer","data":"eLm8wKBB6GvB2+AiynVYdvFIPPx1ksp6cbLd0OeyWFM="}},"yAycH1T4Hiq/uEDlgy1ix0f38NpDItsdRPFKZfaTaNg=":{"valueMac":{"type":"Buffer","data":"xwkV6BIdTeG2u7ZvKDkxqWw1KR+oPbNPa1DhrgPbF3U="}},"Sw5M0HHWR9QQ+9l6HYW4oSYmjCqfxEINw3TG4XQ43fA=":{"valueMac":{"type":"Buffer","data":"0cRcPKfLi5g+X/TgV/tkGzAt58Q9t+0jLcXzanMxMok="}}}}