{"version":3,"hash":{"type":"Buffer","data":"eVjzT4QNXBHiJIrHxE0Y+Go5ZqgRbxoclaYNl0pwXR9r4/8EBJU4CLzSoJCvVYdKEPxVbCV94V4shvE+Ja95haQ3XZxia9dJM3QvDE3GzcET6q82EEwhbDjkq3d+W0aMOMhi7FNbx1fkqdRj2WzYUtHEthXBVpy7e4e/GIQ23t0="},"indexValueMap":{"qYA3VhqD/jqzgFFq8a0KzDbNvGoyisPTEHKV3zJ+IdQ=":{"valueMac":{"type":"Buffer","data":"IMDmB416mB7WOva//xJvPg39w9kMwJhGc1E1c4sqhxE="}},"5QDHj0pmSvKXcB3m8+P6G2atqiM6IqXyUhwdmN3l+B8=":{"valueMac":{"type":"Buffer","data":"uybk+zN7iZoqeet2/DowEksH6z2aFZeUc+lojHm3OXQ="}}}}