{"noiseKey":{"private":{"type":"Buffer","data":"iJVAPFENX3juxEUGquadcAww/CjHDtvtVdjCmYhYbmU="},"public":{"type":"Buffer","data":"95JQ4ih0J8LOROuVGcsIm+d/HeybrW5t0Wy43hIrBR4="}},"signedIdentityKey":{"private":{"type":"Buffer","data":"aJfTq3IB1x1FGpa/FRKlyVo0ht2c3//cLqFPrNXzOFU="},"public":{"type":"Buffer","data":"+Lhhbb/5PZeq/lxMPaWA2jN6F9kwlvjuYvSXWZtEDRc="}},"signedPreKey":{"keyPair":{"private":{"type":"Buffer","data":"gLmM9UsuYNndL6bi365zLbMhuH46KrZuErw8sphO4Xo="},"public":{"type":"Buffer","data":"wh2XUnqQ+JGPnElnrOf2GIRipvucux4EF0GdhjlQXC4="}},"signature":{"type":"Buffer","data":"G4Wjjrf/ws00x4pFPIyHpfNbrMAO0qfxA1SxwyLea9JOX0hvCUx/O4TBKpHgNdzf5gHmdnl0GY7oW3z8JXA0Bg=="},"keyId":1},"registrationId":127,"advSecretKey":"+HccS6jD6QC2QO2x5uzkgN0pmxdIhs71UF04Ejwi8j8=","processedHistoryMessages":[{"key":{"remoteJid":"6282142610876@s.whatsapp.net","fromMe":true,"id":"A312B6EAA8E684777FC7A1A945FA0BEB"},"messageTimestamp":1698811953},{"key":{"remoteJid":"6282142610876@s.whatsapp.net","fromMe":true,"id":"0E48581125F125C1985B3E1D4287FA9E"},"messageTimestamp":1698811953},{"key":{"remoteJid":"6282142610876@s.whatsapp.net","fromMe":true,"id":"76F8218C8AB24D8C1566B461548ADBE8"},"messageTimestamp":1698811960},{"key":{"remoteJid":"6282142610876@s.whatsapp.net","fromMe":true,"id":"C6E4FAE309E6A7EA44833AFF8D79AF8F"},"messageTimestamp":1698811960},{"key":{"remoteJid":"6282142610876@s.whatsapp.net","fromMe":true,"id":"0492A415851BD8E3884179557C92F380"},"messageTimestamp":1698811960},{"key":{"remoteJid":"6282142610876@s.whatsapp.net","fromMe":true,"id":"234B3C6B5787BC0B00BF9DE6C27BF814"},"messageTimestamp":1698811962}],"nextPreKeyId":31,"firstUnuploadedPreKeyId":31,"accountSyncCounter":1,"accountSettings":{"unarchiveChats":false},"deviceId":"Zzqec2ZVTiqF4f4mF5trvA","phoneId":"2004cc6b-6f0b-46ae-9eae-4a9cc13f3e9a","identityId":{"type":"Buffer","data":"3HzCX2LPkF35J5jTTQ4EyRCPMk4="},"registered":false,"backupToken":{"type":"Buffer","data":"vGvK/3cIM93wzsBCtRj/b80imbc="},"registration":{},"account":{"details":"CKuW+MIDEK2gh6oGGAE=","accountSignatureKey":"ppHMcfO7REfjnl9ek7FZOxZwHZVAayeiU3yt9s2QC24=","accountSignature":"3QoEkUyNXoD/SKjuz+DHZBMzcgKq4a+H0WzBETsMQrvmxWOzkDXXCm8peAv3z7y7g1EquPjEDoo470zRxtzTAA==","deviceSignature":"7u+f+FbVcvGVEoDu816UZNYF7Lp/TUcMy3YemV3t3n+cfj9wAY3KtjHN8D4f2rrEb1s9AJEYwQAwlnoP/UfECw=="},"me":{"id":"6282142610876:23@s.whatsapp.net","name":"Gaia"},"signalIdentities":[{"identifier":{"name":"6282142610876:23@s.whatsapp.net","deviceId":0},"identifierKey":{"type":"Buffer","data":"BaaRzHHzu0RH455fXpOxWTsWcB2VQGsnolN8rfbNkAtu"}}],"platform":"android","lastAccountSyncTimestamp":1698812433,"myAppStateKeyId":"AAAAAOOh"}