{"_sessions":{"BauS0WjYcWSXLB8eERAwSTWA/hUxKSMasqSneZhi12pP":{"registrationId":1800190035,"currentRatchet":{"ephemeralKeyPair":{"pubKey":"BWXhknfr1P+wDSwrJTTCSBx/HDA44YZtPODNn2CySllz","privKey":"2N83WoqTvCH0H2rFjkQLSz8hV7rNKhiRELWFA4g1d1I="},"lastRemoteEphemeralKey":"BUne/x6NIgz3QXAr8tiPc5KTdK18Zsv4ihnQ1M7CDXFc","previousCounter":0,"rootKey":"ZmLpPQe0U/xKerMpvVEEdhkbT7WrO/IQ7ORXfokSeXA="},"indexInfo":{"baseKey":"BauS0WjYcWSXLB8eERAwSTWA/hUxKSMasqSneZhi12pP","baseKeyType":2,"closed":-1,"used":1698811952004,"created":1698811952004,"remoteIdentityKey":"BaaRzHHzu0RH455fXpOxWTsWcB2VQGsnolN8rfbNkAtu"},"_chains":{"BUne/x6NIgz3QXAr8tiPc5KTdK18Zsv4ihnQ1M7CDXFc":{"chainKey":{"counter":9,"key":"w1JjMjGdVBHEGZ4YbU4O2GYebmfcuyWlPdkGhN/oub0="},"chainType":2,"messageKeys":{}},"BWXhknfr1P+wDSwrJTTCSBx/HDA44YZtPODNn2CySllz":{"chainKey":{"counter":2,"key":"X41P41GFt5phRRwAT5vHNTjjCdJQ1W35y5Zv3UEG9mw="},"chainType":1,"messageKeys":{}}}}},"version":"v1"}