{"_sessions":{"BfLX7nmTweoTYPPH9LtQWnU9MM1Q2jXQ5zHEpmz4JmJ5":{"registrationId":1706343070,"currentRatchet":{"ephemeralKeyPair":{"pubKey":"BTOM6RNNGSERteBoZoYcVVmL4ahlPwQmM/i6YGDEwmZI","privKey":"8BrpA+tbyI4Kmh+q8POdBmIPnKo2XW8SDXCm09f6DkY="},"lastRemoteEphemeralKey":"BZr0cKpEYTezbl2JBrChlCJWXNCHMGE8rdPB1JUXutk5","previousCounter":0,"rootKey":"46kLuCzMi+vZCaDcNOKkDluSrcULQMDJmleCCkfXYZE="},"indexInfo":{"baseKey":"BfLX7nmTweoTYPPH9LtQWnU9MM1Q2jXQ5zHEpmz4JmJ5","baseKeyType":2,"closed":-1,"used":1698815556353,"created":1698811992097,"remoteIdentityKey":"BS481zPEPjbxl9AsLAprbKUlbWPQPcO+B0QwPYolZMcT"},"_chains":{"BS5w4STpnK6akj8vNwk2JnP6bqCV41yjwRBJWPYb6v8V":{"chainKey":{"counter":2},"chainType":2,"messageKeys":{}},"BUJOTaF/ylunF/0FrJ3iQZVyG7Vys4AM/fSFEZEArjMG":{"chainKey":{"counter":10},"chainType":2,"messageKeys":{}},"Bd+U9B7uOCoTAEWZBJ0drZLU57KARaHzSzldY78RGDB0":{"chainKey":{"counter":3},"chainType":2,"messageKeys":{}},"BZr0cKpEYTezbl2JBrChlCJWXNCHMGE8rdPB1JUXutk5":{"chainKey":{"counter":4,"key":"V92pdGLz0ER83YLwQXk/E18SpSQQMZbOn/zA8AGnBec="},"chainType":2,"messageKeys":{}},"BTOM6RNNGSERteBoZoYcVVmL4ahlPwQmM/i6YGDEwmZI":{"chainKey":{"counter":-1,"key":"6phqpOXItlZs8UgmnLXpyJavNYkFK4M+Gnr+Fxunsdw="},"chainType":1,"messageKeys":{}}}}},"version":"v1"}