{"version":2,"hash":{"type":"Buffer","data":"Si6Dix/YoTmhQdHR8heJsKOQDwKHkUZ9lwl8bOnnWS1gAiyn2zbPH1Tb4OMnr6xJpaKFcdI18mqycpxlcfYlBFr/gZk5aiWXMOdjvroRXAQqRJwZFUonliNZ/fF1alm28OeHkDJPpreeGwLWyPVV5HM/MwFZILPhYwaHfzSmPkc="},"indexValueMap":{"7wG6QLyxAsCsi4uWoV9GYbtnoT8b4WbqRSa08TsSq4U=":{"valueMac":{"type":"Buffer","data":"JjGXbp8SGgjOhj5MbpD/oM0E/hwR5eF/65hog3VNH40="}},"/q4NnOYWpuJpv2/LEfEYm5npnR4ez6Ur23ldNW3tb6g=":{"valueMac":{"type":"Buffer","data":"qJVQx7ZWLk0yEBPVZbKrrm88y/sGeLNKa+5yNzRG2i0="}}}}