{"version":2,"hash":{"type":"Buffer","data":"SQmwinR+bY0vrSpZO9uFo7ohPvYxNwMdxezaSzPUdCX1XG9qSZuUg8c1JjgLrTvuMqvVjp+mQV+fOpcRLB1FTNnD7YF7gQItp+/HHq5QwBw0uxbpH0sDlsA63mRVTOiL3PL/6YwoVfXvjhA+ohwYLm+JgmNv4poqb5WJBqiAji4="},"indexValueMap":{"6gMbDxtzVXeTlx5j29DV9dguJEO0hAgM1nk5hiGJ5UI=":{"valueMac":{"type":"Buffer","data":"ZjUPM9+HLRJRnnyAv4ftSiPyM06JEYTWLIpeQyF2z0w="}},"MMFhn+kfezPNIA89oc2iRhLzNjmqZ9p5hk/NFthz4tw=":{"valueMac":{"type":"Buffer","data":"K4mbp+2QSUYP4xtGnSFnLiblp9lBH5AfZ0nDzvLL0xI="}},"tmV+hKNhZdP0yL5doOIuELsRUb3ZJmRou+DwyxND7FQ=":{"valueMac":{"type":"Buffer","data":"LwHYBlcQbSfkzOEJavyKf2IIfOTDojNIBAYKK9RQqWI="}},"gCpNP1T2b6OVbBW5MrApOYIncbc8fY7+Ov4/Rb8WrEc=":{"valueMac":{"type":"Buffer","data":"eLm8wKBB6GvB2+AiynVYdvFIPPx1ksp6cbLd0OeyWFM="}},"97o/1WC1mwSE/wHGulBY+kojLeWFD/lJmWcAqJnkPu8=":{"valueMac":{"type":"Buffer","data":"x4F4c4lCYLAoNIKy+wGYnNLF4AxhxVYX6d3rYl3v+5E="}}}}