{"noiseKey":{"private":{"type":"Buffer","data":"eB+bwB8A655qi6fDS+sHbjW0U8L5vx/YI4x1aQttKEQ="},"public":{"type":"Buffer","data":"h3KWLUcdXJl5ZgykkhjPagTar5KcFuUL/AdYIRHYRA0="}},"signedIdentityKey":{"private":{"type":"Buffer","data":"6KWwWnVhPBUMP7tMl3nyBpsGLuaMwpDo/D9qSmCJzXQ="},"public":{"type":"Buffer","data":"6/TkYTBYPOMSHE3W83fKANzvjdx/PGFZm7EeBgZQFW0="}},"signedPreKey":{"keyPair":{"private":{"type":"Buffer","data":"4LUvwqzcNDZZbt7ncBy9ovkQht3iyTJcIJaCfMAigGk="},"public":{"type":"Buffer","data":"Q7O4Cix5l1teoYuXgzo9RDslh3kAz0aPwESZlJ+bv0s="}},"signature":{"type":"Buffer","data":"+5HwXmwuOSRn/paX59rj8OLoGZwHdqkb06PXzaFDrgt9XZYU45enCf9fD55wjjowJ/VrgXUav9Gu1QW9+FdkDw=="},"keyId":1},"registrationId":49,"advSecretKey":"I5U4X0+sf2HKdNpOCyf3D7VeETIG9gAOIV368eJWBT4=","processedHistoryMessages":[{"key":{"remoteJid":"6282142610876@s.whatsapp.net","fromMe":true,"id":"CE9850EFE5132B45A00C211897098C28"},"messageTimestamp":1698805900},{"key":{"remoteJid":"6282142610876@s.whatsapp.net","fromMe":true,"id":"A09554968326E2E1B9CC44255D0205C9"},"messageTimestamp":1698805900},{"key":{"remoteJid":"6282142610876@s.whatsapp.net","fromMe":true,"id":"6BC5C57A6931D6491E38AD83FF1770EF"},"messageTimestamp":1698805906},{"key":{"remoteJid":"6282142610876@s.whatsapp.net","fromMe":true,"id":"E2109D0A8852012D71314F51F673B567"},"messageTimestamp":1698805906},{"key":{"remoteJid":"6282142610876@s.whatsapp.net","fromMe":true,"id":"496297C4023A903ADB3349A944892EFA"},"messageTimestamp":1698805907},{"key":{"remoteJid":"6282142610876@s.whatsapp.net","fromMe":true,"id":"2337E4B92B25FD9BE0A8592B8E84D6CD"},"messageTimestamp":1698805908}],"nextPreKeyId":31,"firstUnuploadedPreKeyId":31,"accountSyncCounter":1,"accountSettings":{"unarchiveChats":false},"deviceId":"xwIKGbd8TiqNqj5QdDXs_A","phoneId":"8ce462d4-4bbc-43c5-9949-175879a2dfc9","identityId":{"type":"Buffer","data":"kOX2cp5sb/80yIctL7pgQI20dDY="},"registered":false,"backupToken":{"type":"Buffer","data":"6oRxeRVDqTFAdNU5/RqKN/hGvEU="},"registration":{},"account":{"details":"CKqW+MIDEIjxhqoGGAE=","accountSignatureKey":"ppHMcfO7REfjnl9ek7FZOxZwHZVAayeiU3yt9s2QC24=","accountSignature":"Rw5u3XyOa57iKFrNHrh+3vTg123eurhVoEabRn8i/RQ7y1HKA+Yhi0q4fgtYqmGtutqlWNBsukNBifAXsgqnDA==","deviceSignature":"50fnsI/PPbCBemrey6gbclKHVaH8uzz2Xz2xoWJp6syMkVNLa3AuA8QbZQIzQacVuJ0usuiO6sPIUYKvu/1HDA=="},"me":{"id":"6282142610876:22@s.whatsapp.net","name":"Gaia"},"signalIdentities":[{"identifier":{"name":"6282142610876:22@s.whatsapp.net","deviceId":0},"identifierKey":{"type":"Buffer","data":"BaaRzHHzu0RH455fXpOxWTsWcB2VQGsnolN8rfbNkAtu"}}],"platform":"android","lastAccountSyncTimestamp":1698806266,"myAppStateKeyId":"AAAAAOOg"}