{"_sessions":{"Bfw2h3Wrod+DCKFNhs4nVgxTx9zir4/c7W+8qX1/qAgy":{"registrationId":1706343070,"currentRatchet":{"ephemeralKeyPair":{"pubKey":"BZ1cty3VaiGoX1oCNrJJwmywtXpG7WEQX54+gDBDh8Zw","privKey":"4OSGqe/pYwa0a/7B9k5SlN7PSyXyWBYBNxB9fkJ72Hw="},"lastRemoteEphemeralKey":"BUXhQkpO6Rl0mMSGcc9BnCws7RbBlFKFdbCKa2P+QKw9","previousCounter":0,"rootKey":"RV7eZg/ZVnZ9EKxFYX5MRYE7+nvhj0KBliapyuZtlYM="},"indexInfo":{"baseKey":"Bfw2h3Wrod+DCKFNhs4nVgxTx9zir4/c7W+8qX1/qAgy","baseKeyType":2,"closed":-1,"used":1698811065466,"created":1698805932219,"remoteIdentityKey":"BS481zPEPjbxl9AsLAprbKUlbWPQPcO+B0QwPYolZMcT"},"_chains":{"BQEE7T41sLikD0MtSAfV2bhO6HlWluB1JPJVwhtBUGtq":{"chainKey":{"counter":0},"chainType":2,"messageKeys":{}},"Bd806KaCSKNWCCUYzMhDPmGPpWFJpmpouuziv9dH34dS":{"chainKey":{"counter":11},"chainType":2,"messageKeys":{}},"BVnewTWOp7+WQKyhH3oCZVfUJzDc4Y8YoVz4Y8f593km":{"chainKey":{"counter":0},"chainType":2,"messageKeys":{}},"BdBxSolWpkOFCylNfe4OoFES2XpgkvYinsPKsK2IMHR3":{"chainKey":{"counter":0},"chainType":2,"messageKeys":{}},"BRjCpjAcbFQKY/Q8VGTwFrWcfggjr8EmZ9k6qEFcQxI9":{"chainKey":{"counter":1},"chainType":2,"messageKeys":{}},"BTMRO41oO8dtG0zEC8gNFehSbuRordy8sG1A5vTcoRgf":{"chainKey":{"counter":0},"chainType":2,"messageKeys":{}},"BVBe7+VSiRtlZXAR7EwmbkdIchc7RNeXqDJzqHlB6VNW":{"chainKey":{"counter":0},"chainType":2,"messageKeys":{}},"Bb5UEW7KIi64yjaHKmZheRfgj5vttcLu+y1wb3PMKq5T":{"chainKey":{"counter":0},"chainType":2,"messageKeys":{}},"BZMjBapbgm1vqTGHeQIZNO5W2Ta6I6b9/KgMzDcoY8x1":{"chainKey":{"counter":0},"chainType":2,"messageKeys":{}},"BXsqa+FlwZg0jBt4zucyl0mQcTyK8dvMeyUPrSlJtdE3":{"chainKey":{"counter":10},"chainType":2,"messageKeys":{}},"BUXhQkpO6Rl0mMSGcc9BnCws7RbBlFKFdbCKa2P+QKw9":{"chainKey":{"counter":3,"key":"n2O6shfOjtc40nhiIDiTmFwvct/W8TipHgxIOBEtsFQ="},"chainType":2,"messageKeys":{}},"BZ1cty3VaiGoX1oCNrJJwmywtXpG7WEQX54+gDBDh8Zw":{"chainKey":{"counter":-1,"key":"mCjxnH2IdL4SDiHPK/NX0SfkuWYZD+ZyjP8DnFl0bRE="},"chainType":1,"messageKeys":{}}}}},"version":"v1"}