{"_sessions":{"BXJl7aZGy4sUx7ngDSCzB8Z9u73y497tkNaByEbS57tH":{"registrationId":897,"currentRatchet":{"ephemeralKeyPair":{"pubKey":"BZfvUv08Dr/xNSgiyM8U0EAiDtSQIBB3A7SNoB/7NfMd","privKey":"iMrqnvQOFsmw7OytHBWOZ4dcdxi5FxUaPp6T0YrcjEM="},"lastRemoteEphemeralKey":"BZ29Y9oVCO2GttdNnXeV61mEdDCIP/bVx15Oci2bYnFS","previousCounter":0,"rootKey":"FjV9clZ2dF08HmSFLCZ0DwBl6xmLsV210EEhu9bR9RE="},"indexInfo":{"baseKey":"BXJl7aZGy4sUx7ngDSCzB8Z9u73y497tkNaByEbS57tH","baseKeyType":1,"closed":-1,"used":1698805932762,"created":1698805932762,"remoteIdentityKey":"BUG5co4c1Znj2CnWN6raLBOEvakT8YflgupEbY9ofY5Y"},"_chains":{"BZfvUv08Dr/xNSgiyM8U0EAiDtSQIBB3A7SNoB/7NfMd":{"chainKey":{"counter":9,"key":"sBLveBg0MAli1/asE5HX0S3y4KCtk7VtpV+KWhFs/GI="},"chainType":1,"messageKeys":{}}},"pendingPreKey":{"signedKeyId":1,"baseKey":"BXJl7aZGy4sUx7ngDSCzB8Z9u73y497tkNaByEbS57tH","preKeyId":61}}},"version":"v1"}