{"_sessions":{"BXdpBN0m8zfmkdGJ9s3gdo2P3b3GJ5JFDf09HikHqp9o":{"registrationId":1800190035,"currentRatchet":{"ephemeralKeyPair":{"pubKey":"BYZE+NAYeG+C+v9O0B2L+Jg2gQvGUmsv4ExWE3jXNwle","privKey":"cJy2cVdOC3d/KN+OVQrdzScv7CRxAA9ii+T5wNiETX0="},"lastRemoteEphemeralKey":"BRfQStUeXP/YzjshRDQXjMdAjqYFg8sRDq6dYTmWkrlf","previousCounter":0,"rootKey":"nte828t7hKV5NsdRjMxcW1ySS80H9lgy0vD3f9PCuXo="},"indexInfo":{"baseKey":"BXdpBN0m8zfmkdGJ9s3gdo2P3b3GJ5JFDf09HikHqp9o","baseKeyType":2,"closed":-1,"used":1698805900380,"created":1698805900380,"remoteIdentityKey":"BaaRzHHzu0RH455fXpOxWTsWcB2VQGsnolN8rfbNkAtu"},"_chains":{"BRfQStUeXP/YzjshRDQXjMdAjqYFg8sRDq6dYTmWkrlf":{"chainKey":{"counter":9,"key":"Ssmv66TNbz4GlJ/aPoATYgQNOb8fEfbsH/tHommx+Mg="},"chainType":2,"messageKeys":{}},"BYZE+NAYeG+C+v9O0B2L+Jg2gQvGUmsv4ExWE3jXNwle":{"chainKey":{"counter":10,"key":"8m9jXPqTqRvBJu1+OuFv8/XS+4Yy9x01lYiUgrO7HaE="},"chainType":1,"messageKeys":{}}}}},"version":"v1"}