{"version":3,"hash":{"type":"Buffer","data":"bnn1cY7Ae1t2hYF6iOVvZSHu/58+Hpq6+0Hm2TkmJTufTUopsUYvK18xZe0UUmpdBjflGN2JspSJ7tjxL1ybuYOLtjbFjf3qQL3R9eNY7yfcrSrjkWjgGVH+kVgBq+XkK3s43DlZJF9k+Qnuju/UX9xB+tmu7WGK1M3rXCg+gj8="},"indexValueMap":{"LQNB8sPXLHq3M3/FMU776Zc+xDamXI3wwfLW8Tsqqcs=":{"valueMac":{"type":"Buffer","data":"EKnmLoW+mV+JJatewOvwvvSkLjiDXMHheHHeSTI+PL0="}},"WZjXgYqU7y62jlXqutgag3Ni5NuZ15nKwDgYflWAnd8=":{"valueMac":{"type":"Buffer","data":"z+0As6Qb4HKJnfpDAjzBq4B5TN8H3SVrqYzAJ2AERi0="}},"GTDKYV9NjdzDDJcvSsB8T1QaLT/8B7ddMhZA3vJ12jM=":{"valueMac":{"type":"Buffer","data":"4gHrBj7iceOwbM//yvptIQMQtrxAtGOzd53IXTiRjdg="}},"wzduckG6AGVjsY70ATIX/pxxHS7nrr4BRhvwfzdcrcw=":{"valueMac":{"type":"Buffer","data":"+hw+96k0UNFMpnqFRtAMMzgN5/gRiVttIRGpcK5zcEo="}},"Jlhv5LXP5KhBi2M9rQYCnL6GFm8UO97BFazrcErZlAA=":{"valueMac":{"type":"Buffer","data":"2nWEdyx8pl3XC5sgDiUaoWVamnG56D39o7+mkEf4Onc="}}}}