{"version":3,"hash":{"type":"Buffer","data":"YWRhZE3GLi6Xg0oFV+qhFWmO9muInGaQGo3u3our7ydAno00TIuNVt0VDfzx/OoQwSovtZNFJzce9hq1PruZVHqaBEyh9CSVL/QRfjc2UD0uVFsMAOxn/mHboECxCsZMJ9uSdZdIZkdDcusu/AAeDPKL0J0+lscWBYllk9Puuk8="},"indexValueMap":{"EDm6VjYCnAyyVJC7gKf22h/Y1gefOgQTaGWiUz/3UPw=":{"valueMac":{"type":"Buffer","data":"ZxiMCRCoEUPE1b8rf0FIOqmi+XiDL+OsABmlU3SSEJw="}},"PuX2Rna04ve514wV38WCEHWjTy/uxOav/fvvQ/tT4W4=":{"valueMac":{"type":"Buffer","data":"PDrk2vEQxPViVEOeurYBuPlxjNfyo3nIwQHVPlhw2As="}}}}