{"version":7,"hash":{"type":"Buffer","data":"F4RQ+f5BU4slDo1vU0OqOis2FMF0Qkv5mckyeUvaYt5at1bj1rwD817b+vzLoXUiUG7f2E/V1yDYDF97oAMyMFUrWVRyKhVYYJ+kknRDK73qfDDBzlVEX1NDBVYQoJlLUZ2i7uIgA8EdpZJoDEv5AdsnxsSMpG6NhVSQ/2zUKkg="},"indexValueMap":{"AZvoejJBAo/kdTVPXaxazfoFC0hz24QpBLFcSt4a6jQ=":{"valueMac":{"type":"Buffer","data":"qJR2v51zrfgxYw0VUWRVRKlbrBrX5DcWu6+6qeRicyo="}},"AnzYypgsJte6Kk+YIKUv3FCf5XgCEeda05bHo9u3uiU=":{"valueMac":{"type":"Buffer","data":"G9BptpuoUumV0mTBP6S4b82A9RDwSN3QR+W54K+yvls="}},"BFStoqpfBnzBSdkJeWyn+Au9HgE4uCCL4yuitG3NBpA=":{"valueMac":{"type":"Buffer","data":"wKFlP8DVoniycXjsOmNtLUFPelf2PyNJALHbHDepeik="}},"BL3pvtx6+aE7M57Gl4P39plJYTIRiWDpGIzCOlkAP14=":{"valueMac":{"type":"Buffer","data":"bwCya31tpOFw8Wr0BR+yf0ys2HrgHuVyrDlI21TGKqs="}},"BRRLQpBsDKpy6ujhMXxnbXKQaGB44fzami2ou+KTr1c=":{"valueMac":{"type":"Buffer","data":"wFvoEN1tsiDEU80fhEv9Pq7YVQ3+6YXoe86/+48RUIA="}},"BV6Ttj6XkMLSIjeUH1X326NWG0bN+0+03zDqgzeJZkE=":{"valueMac":{"type":"Buffer","data":"BTTsgpeCAGk+RHUAyBXMkNuKPzSP7hiZYPUoo8eHpzY="}},"BoHDdiUIjigvtoKhoMfsplT3hN//nJWvzlDAsYqG0Wo=":{"valueMac":{"type":"Buffer","data":"13pV/qG99LXvR25Q6kBTo3Hlit5Y5yXPZKgYSdhrU7c="}},"CFGkPMyrUfe9gsMHadVwPe7ZXag8iuun8GVm5rMvUwg=":{"valueMac":{"type":"Buffer","data":"YxoWEq8TleYxusTanziLZyRePJheGc88R4GG6E3Pc/0="}},"CbJVa9zoN04fyvH+6Ml8CKo0C2bTtDiSnMBS7R2+T6A=":{"valueMac":{"type":"Buffer","data":"SEyF4WLHIC0IR9ZrmXx9tcEL9LuTMHHsRPiopevNr0Q="}},"CuYoUyaIcMGXEpugGtIVVHW0JBVm0wwFFFcpk2z+cmw=":{"valueMac":{"type":"Buffer","data":"SS9/xOKhnK68oKT5GH2LiBhuXlgsyU9q2DW1hzJ03zU="}},"CuZEqxU+UYi+/qWpkDfp8Otz9hhNsxoIndYb24+IbwY=":{"valueMac":{"type":"Buffer","data":"m8Vog48C6d44I78zXca5FZAphf92N+Ns0Oi4C+d/1TE="}},"Cv81gHb7nqXSCVCpTz3432RMFzUJVDo4Td2yGrGl8yw=":{"valueMac":{"type":"Buffer","data":"YmR+iqQ40stjQwdqlut7ayk3EHg/F5vsvWJarNJklog="}},"C63+bzFu8DqdQVEy+aq/j+GEj39Dhz5TX/n3nWktKcw=":{"valueMac":{"type":"Buffer","data":"u78mqafUpFgk+q64K+tfYvtrxDlW+ShtpXUjmv/tOZk="}},"DI6fSQLVU3Z3tveya3E7BKawbKsbPAeGrSJ2g45tzXw=":{"valueMac":{"type":"Buffer","data":"eNue3PkT9PNbLFvJjgnMAIC9V2Bd78OcvXn1IB1fyZg="}},"EJyM1NWyxQrBsdnFmCjXcy5Pd/4IaJ1q93T8heXiHs8=":{"valueMac":{"type":"Buffer","data":"KWNGlFbSokRuHr2ST5qmuvSGfuIQjCQbTy9UOzVF7K8="}},"EtFyrEOL5zuGjVBCCuRh+EXWmc0yJO6ONg8YmhKXT1Y=":{"valueMac":{"type":"Buffer","data":"uzUj5MbguASBJFCrC76iUhGLLTBmaGxjyMl63jsVZyc="}},"FCyMQ6EOonU7kmqnf17KovKFlv++hTsXRIzUr+x+73Y=":{"valueMac":{"type":"Buffer","data":"ClFXoZvcVWOjB2pyjY+IRAii4HcCIPFaGhTcVG14nOc="}},"FOIXxhoveqxTd8KQ5UjzFVob6fkZKqw2dFZqqhOoQTQ=":{"valueMac":{"type":"Buffer","data":"mHD2/tTkaumaDn6SEph2dcywQUGQor1qLXlkJC0FdnY="}},"FXBDzPBAjVXj0HKJ0PVDg2VRiozwo9mjMjAjqBi/EY0=":{"valueMac":{"type":"Buffer","data":"pRG6FeqbWZsxojPhh3vW0/XKv6ElR4UwHkSJT82LjCw="}},"Fg+qvaXBBrA/P6LV6VVsckRp7o+AXW7j5J7bnBrsNzk=":{"valueMac":{"type":"Buffer","data":"jd/gsEbDz8l2HXcf7Z653Yzd2QvvxNx62W7l9PhcYPU="}},"FiXx9f2xqv/C/oswQKNElYVIbk/6uUB7b38qth4Wyvw=":{"valueMac":{"type":"Buffer","data":"Q2FJfGBvUxlWiaMmZdrbdB0EAUNMkuMYUzJ7QP+3wD0="}},"F3kDvER7KOXxRLsJMmhkkfKbXkItHrCJYX9yDvLxrvg=":{"valueMac":{"type":"Buffer","data":"l7C1bXmfsznnNPfLIqFKq57Qx2ik1ipqbcxOX7s7EFI="}},"GOvsM95ShVlezFqWy8+NoThfhuh6ti0XVuC/164xelQ=":{"valueMac":{"type":"Buffer","data":"mY8g8+Z5MA8qwIB2P8UlN8TwggSlCT7tBPc71oZhIe0="}},"GPGEZLrGFYYJ3ozooxNuU4fIvj9cH6CVsvhTl7MfgfU=":{"valueMac":{"type":"Buffer","data":"R8rIXd0DqMEiUxNnQkoBN1Y/Ea8wUdYvED+ijiOIdIA="}},"GruorXkmwb/4ZpkvjQfXheAVYruxSDz04rnOncJ4krg=":{"valueMac":{"type":"Buffer","data":"fuCLbZAKD+lLlKIDydVx7dvfot9IM8e1Nu1IW0QEPX4="}},"G9wnchNTcPgdJTkR+J6JtMpYNG12j8zfX3KlI1nBFFk=":{"valueMac":{"type":"Buffer","data":"wfJ31mSa1IFdPO9NSyGs3ND96qU0U3kjj4IoPVluvGs="}},"HHQFUPn5eBq4PmF2PQ569j7NFlBoN3m4/x13c4D86kI=":{"valueMac":{"type":"Buffer","data":"Nid66f3esUIXXH06ckGo4syt0DzBdzMMdkG9NHGdErk="}},"IiwTlNd08DPAnUUz7xEOmJn3Ipu8e9U9hOwVAWUxVAQ=":{"valueMac":{"type":"Buffer","data":"Sng+vKc45iDKLuXwXEZay/aegdkaXwFE49jdGDYB1wU="}},"IwiuuoVm4agj45ITT3TgUO5AGtO1b3BLxn+8I8TWIxM=":{"valueMac":{"type":"Buffer","data":"s2h5v3LXdSHGiHN47Mhh2kGDWPq6H/REHwMHrwiTMvE="}},"IxfI3O5SStbNs+FH+2XfLF8/R0SkvsmhZKcZKrVLFmo=":{"valueMac":{"type":"Buffer","data":"d13Giht57n+6TkNlSpHhTqYUn9Cp46mgIpuLL0Y/ZpY="}},"I5rAs38tes23bSt16bUOwOY3OX6NS9PNSRFa/cXDQKM=":{"valueMac":{"type":"Buffer","data":"cHyLZZbC64RFd9V4vTMGZgqD8Qq6DgZQY2Ssuq6fLDE="}},"JdBfK1FDsUSERLLSiYZqckrGySSWuzJJwFBUi4sLWG0=":{"valueMac":{"type":"Buffer","data":"RmEXLKDbH/OnihbtthFs0ux+BzwL9krHIK4dQMl6NBc="}},"JtjkxI7TrOAPCv7Sf84qoQiRCwGHyR7lBgl3DoFFbC4=":{"valueMac":{"type":"Buffer","data":"Cal33R5iC2/wZDVVYBwQkDkwPQCidspxqmlaaSUUjhU="}},"KH0k93tz/DJHoMcOWxhlcAWxkTpWSe9v+/0NPp+41k8=":{"valueMac":{"type":"Buffer","data":"BtqoFoG6pWumUjWvkAoFjGb+CEe+K7xRDHJj9K1IIfk="}},"KNDJiiQrYqQnWDexN/1OSsijYK1p736Odwzu4kEbbng=":{"valueMac":{"type":"Buffer","data":"VpF+vjeEjcFTgFBOzLFNf6+K1HzrAgIcTClEJXZKyMk="}},"KwQgIE2DL6P7WJd8KuBNphZBXc1awjw4Xq3t+i0BaSE=":{"valueMac":{"type":"Buffer","data":"D4PeAbylTG1Jfjzo9DcKtIHRheTpkvM0AHpJIFAmrSk="}},"K1l/d4EifOFBFvnfXhTNVVbzYI2gdQQP4cmR7oVg7k8=":{"valueMac":{"type":"Buffer","data":"DmwrqQOV4cx470eTcmrUBF2qwN/J7c2m0ZAFywpqGYU="}},"K5MLuLGrWUytJBOlnDfro7BeAMoUR7rIJArIagGNJpU=":{"valueMac":{"type":"Buffer","data":"xCqmbVHNhizCxAxmkafDYCbFMLqcllnWsfPKuPk3IdQ="}},"LMrXaHO8zLZebMs+OiVNHXkC1hyRvR8aso4LB3pDVxI=":{"valueMac":{"type":"Buffer","data":"JlJp6uFPGS9wFbWWud7fN06s69iHWkw7Upy72ymbxfM="}},"LUB67wPeI8fC4ydHnHlBHx/s1rQ+5QdJv/wG7Smi5DQ=":{"valueMac":{"type":"Buffer","data":"qvppJDkmA/TbuQ7MaUHrClnVtSVzyAFVvIXWWtP7KNM="}},"LrpUbJEDFlWTnEhTMML++yjBTpk3IScYOEsQUrizdqk=":{"valueMac":{"type":"Buffer","data":"3xGu1fWm96vL560AW/xOTcDAY9gyVoRiPjipfIi641s="}},"M/zjKzDV2di61BqErG9baHAtbuIsfIts8OnahwpCzwg=":{"valueMac":{"type":"Buffer","data":"PZcANvWVzSuUmgJUbEAYdFFpfhfHGzYUuxL7I+saK4M="}},"NU3x7OlBAfM2fT2AaaagjC4O+TZvFcBTe2i2NN/p6Ec=":{"valueMac":{"type":"Buffer","data":"j85+vkGuME+9sZjdGAfhQxHDuwujzI/hqh/CptOZ8mM="}},"NX82eONyYIU1CDY3jIcAAxzgzEX4L/71+zBi/QKP7rw=":{"valueMac":{"type":"Buffer","data":"EmoLY9aqTHUtqRihmclLOZchKH5fAFt5yaciqNBvvOA="}},"NpCtYytIpQE1G0VxDLnwg0PMmj0zH6raWvNbmo8u9G0=":{"valueMac":{"type":"Buffer","data":"tVYjocajw5QRUNHab44cCvdTRh+enf+M/dpFx8JEuu4="}},"N6qZLk1A0l7g5sXeujEun19dDkumShM8WwLfP0CKDMA=":{"valueMac":{"type":"Buffer","data":"pL2Vogo4foeIE32F73uO5EKAS2K7xvijl6Keh7mEx3U="}},"OilQkJEVmaMCAz8iw+zz8jljYjOnACe5a+s2iRb+Htw=":{"valueMac":{"type":"Buffer","data":"PKTT3/BCNFqCb6SbxVp5MHW64XiQb2JPrh8nNk+4e6g="}},"O8LaTdp3DywKU6Q+U0jvUg0LsPvGfUFAXjfY85CEM+Y=":{"valueMac":{"type":"Buffer","data":"aSkmECHwI4CIoXi3TMHe4z3uVOIM687JKy7aPMaMsHo="}},"P6AVWTsq+PmbF9F+jnWAxpZs2mefyuVOePlvZAMrVu4=":{"valueMac":{"type":"Buffer","data":"71p47sJdszbO3PBzEtbW430uZS3+eitWn2akjsPM2uE="}},"P9w6rZPDMOB0z5XCZs3Pvndbq9LLswIQdlFwRd/eJrs=":{"valueMac":{"type":"Buffer","data":"QtGrGKx1BINnuCb3WR0b9LI0PX+zkqnfwcpBx67QBaA="}},"P/QLrPukZqdZbC21CnE+oOjLPVzv0myx+9ddyTh/P10=":{"valueMac":{"type":"Buffer","data":"IE9L8An36HuBRHucmCv5ythE0krMSueI85fmw8IX9Zc="}},"QDDL5kGBPaIY6VP8ytlWJ8IZNCW/ykkz8W694kT1mzc=":{"valueMac":{"type":"Buffer","data":"vTksostbvrGNSKb/XEqapoYOAGf7X59pv014uYr0wSE="}},"Qrlh1knrCRD3XK/bRmM2wVYQHpRg9iRvdfnWvdMk+9Y=":{"valueMac":{"type":"Buffer","data":"BxjTtdA1wVbO3udJHOHxBkCeu0Vrouc9CBqHvkajudQ="}},"Q6/Tuws9mbX+Vr9W+P/1VZd1gA/gOEutggDhY4FXFC0=":{"valueMac":{"type":"Buffer","data":"u8DGWEkiY9v64rKVJ4eXfVPycibrd2dROHsGH9MeNBM="}},"Q7Q5gnCCkZxRPLBDv289womVdGIvhkx8st36+rtflZM=":{"valueMac":{"type":"Buffer","data":"u+9lMLVNI2hRoUms6wNLrZ92Xe8/sBWquV58utjmZHI="}},"RBvbG4vbAq04MFL/TF3Uesq10iB1r+oFqlQBunCPrmc=":{"valueMac":{"type":"Buffer","data":"tH5wW13hiyOZR8x2vu6XFjmIbMRT1PNjlhBRPCNJZSE="}},"RMylM8br9OqIOz7cCODGcT2Q4nKy3OOGOIWbRnCt00k=":{"valueMac":{"type":"Buffer","data":"qcgxkcUNyElNNNkV6hVS2rM3slTNXpAbvZ1qAkuKe5k="}},"RdOru3zCVpfj7p8RkFjrph2GxmbT1WY2E88bN2hVTvE=":{"valueMac":{"type":"Buffer","data":"io87rGbOIiwY3bBoqvbXBbxKLBolXaQTDYyz+bcVByk="}},"RhwCrnEictlQiBj4dbT8GJ0q41tRpzkACAk5Rw9QJ0s=":{"valueMac":{"type":"Buffer","data":"67znPZsKN1RoE6dpaft2OWCz5O3IqZWzfRG6f4fbnDk="}},"SJf0h5djtq7aqkEbhrWNlGFzPNRQ/9+L8Z/f2VOQa/U=":{"valueMac":{"type":"Buffer","data":"Ufr9mlpvJZfRETa9efSJN8jTsYZD1RUvhm4ZEeFiZnw="}},"SWALxIIjAgbtgRuQEHHbvQyThF2Yy1a5tPV+iuEkbjU=":{"valueMac":{"type":"Buffer","data":"NdcJxqmMK6vlNA7cu7aEqS4OxtOO3k23Qldr9LDSTbk="}},"Sqih5mii8yETGCpFLRgbfuc8cAc7MLsqct/f7RyXK7I=":{"valueMac":{"type":"Buffer","data":"UzeGffeyx/wp7FceAF34VVUag4w+zyMwn5YmzpfKTTc="}},"UfMzY5ZapVTDT8/7gJa1VtLPzBpj7EDPBFEtX01Zmpk=":{"valueMac":{"type":"Buffer","data":"cOLjAAc0aMp40LUbTwuMTm/rvrRctvpUAze8SmCjDhE="}},"UoyRmpjhfTu21mmNtim/BnCGstTA1CE2cg1h3voPHbw=":{"valueMac":{"type":"Buffer","data":"TW9kb94Sp8HLPxEnVGvRZKAO+E51iVg15hrKjEJWTu0="}},"U8MkCudeNBsfQIKa0MH79P3Ou952YjiD55XrtMfXI/Q=":{"valueMac":{"type":"Buffer","data":"bwPi2tHE+WRSGN2qRrxJvnCFJHWoOEsxhMbNnjy4gqU="}},"VBAvRa/eitXiuDa1ok0hp5D0faBPbJTSABbaczPDBjc=":{"valueMac":{"type":"Buffer","data":"A7NA54y9xaLGr5fLyAkRQQqYTUt9qn/u3KPFep1j6qI="}},"VsB3MjkJaIfmimxhFg/YfiBQGsqzwWuQ9Fznqw3IWv0=":{"valueMac":{"type":"Buffer","data":"HGO6sw/kG3YgBSykZW/hbAazLCmC5dHi6klpjaM+7Uc="}},"WOPUTQ/XE+1vhBC8qla6pv6vL3yoHEzaqdZDy/ArANM=":{"valueMac":{"type":"Buffer","data":"Vf9M+QZb9fA1uWu/+zsYPX7u+XFt+vLVx+B/K2JZVG0="}},"WkjKcz539ZRrs7dvEYvhu5uBcS7SPc+/j6Icym6VYIo=":{"valueMac":{"type":"Buffer","data":"fzGlS/3ldYlfF2qQKjDL79hg20JBXcFA+kHx82VudlM="}},"XWXgrhFTHR9mxT9B5GuNR2w4CjHzJO83csGlbhppMN0=":{"valueMac":{"type":"Buffer","data":"BJiVCpLWqtPM1hxxFLU1HLFC1PnRsAgqrj8Zz8mzhmE="}},"XzyVBz+Og9CHgQO6DrXJE7sGR6kz2gxerZ/ZFJX75yI=":{"valueMac":{"type":"Buffer","data":"03h54M1/Hdyl0CMCMgbNOsg+D0nKo94su/QUW3nMb34="}},"YXosICtRbBGbRK0HFgftp9bDqfJ/rnmTFH9oDJ14t38=":{"valueMac":{"type":"Buffer","data":"2uj1ybnIO8ZJS9+cuGO8RDFlGNAK2zaRoHjWANtRqjM="}},"Yie4tLKXVxtSNyZhpLSYiqXMNJlFGSIcYgFfeCIROO0=":{"valueMac":{"type":"Buffer","data":"tj2Vb+MaNzbCndCrX0jU1nHampIOA67Y3YKVwsInLro="}},"YrTyB/yvuzt8XwqMZtdx0wU3kACKoZ+2Jst5FleSdRs=":{"valueMac":{"type":"Buffer","data":"Tz8RkBJy8/2c5LpuM/mI5Jp95WIGX8X7zd657mY2bz8="}},"ZOonRGyEXsYSfSQztERcxYdWLDNJwSBchZQjQZZOVQ8=":{"valueMac":{"type":"Buffer","data":"Fb9OcEMpH3UEczUjVUfCKsKIywPOgL6FBrnueMmxq7M="}},"aXvZpexqGRXjUB4SEGHrNsk77/e6Ygzz0xRS+mhOKRo=":{"valueMac":{"type":"Buffer","data":"IbRpslfe3HfNq12nWOsX/sYAHJqkIOtmfS2W+c4Wxv8="}},"bCbtkvYg2fRIMJRS337aHvfH9+9m88gbf8Iqm5593AU=":{"valueMac":{"type":"Buffer","data":"JVUCHUFa2P5P7ImriQFgj55CquvPM67VAL3U9jWlNHQ="}},"bM/wFsFmy6pQIYYJHPlsDrBG0lLzsXne9ByiACEphso=":{"valueMac":{"type":"Buffer","data":"3SOyTisdBT8JQkIpvTS+nk8jiyk2W6mdS/vb9WNScmo="}},"btiQVIIlwmTSXxgDWgvfLiw4SLomgzoRln5FAXRMmi0=":{"valueMac":{"type":"Buffer","data":"ESGdRJBKN0H1+BSfy67rHEAZdDl8SOTnSsaDOO2glxA="}},"cBPVYjQCQtJpDOHA3UkrGZXQIy+pVgAlOzemw931EQo=":{"valueMac":{"type":"Buffer","data":"/0rXwrVb2mcrLBZ4k4JfmVkBVfR8DhWqgVbdv0+D7gU="}},"cMljGwpEbJbh48dTiDFsKHaofOChXzACY8BakFdQGxI=":{"valueMac":{"type":"Buffer","data":"G/xvTA3d39cyMYBKUdkHYgtw18sBCuxcjD9YHbS8k6k="}},"cfVk+QTbvOhuPQClnzf7B589ybDuLWpclV1lLJJAEgk=":{"valueMac":{"type":"Buffer","data":"PKo68708+AXUQV7B3vpkpF0VdcIuDYPSF2TceqrDvdk="}},"ckxKKaMdufTB8WE43EROQoeobrcMQVuQ5+GLjrvg4aw=":{"valueMac":{"type":"Buffer","data":"2E9XJbuqlX70w0BqZJjcdPG9NIX8Wd+yrVg2sZooYxk="}},"c52I4ovuKkI73N8vYUSAT8B4s76fIfj7iaNOqDaz8nI=":{"valueMac":{"type":"Buffer","data":"5+WgRHka/98Ywqi85KjASjE0BgBo+GRCfzqBO0Ji6ZY="}},"c6iKuYYi5wcRYJV6Ke/aNSwnqqGVFuZzPnXtj92LAHU=":{"valueMac":{"type":"Buffer","data":"zUe7AJhhEnfjslhPccs+wrE7aKATjJvRuw4EWKgDLgo="}},"dG46sSOVR1YLvRl73kQNV8bM0fN/W3T9ifwwpq6GWwA=":{"valueMac":{"type":"Buffer","data":"DrNlzn+KXS2dlX05N0tpNnmg3ZrbRQO75lfNqVtGZLs="}},"dTZxK94sk9NC3K8EwuRoRSxSql4+D3XjIA4ElmMLW2I=":{"valueMac":{"type":"Buffer","data":"Dxi0Qjd98xeXZEDSfOzqUjCx0yz2gnTARYfWpxDfhlI="}},"dYxdA6MYgcH+qH5ih2vcLtM5m037ZuqbqvSDheW/SP0=":{"valueMac":{"type":"Buffer","data":"2uNoFd9xhEuTxkaZ8xfl/TwZu51mZp5rC2m/Oy6EK2w="}},"eWKr4WnQpHXlP1/kJk2+uIUe/Or6MOmFlu5fWZOOGlY=":{"valueMac":{"type":"Buffer","data":"pEJHeJwCghBa8G3DWdAPVxEgtrQj/XkS6NEAm+ls71A="}},"eqCCYU5/W9rZ+d8MeLGJqXN+fXfel5bq3IaKrLmpVYY=":{"valueMac":{"type":"Buffer","data":"NWyFebbunvx82bKa4HTtXIyh+34ELBKJ+Zj0Zdw5E0Q="}},"exy4FOQYNuQ2/LxpJ5M8C+BSeGTqDY4jO8wHqOpk4ho=":{"valueMac":{"type":"Buffer","data":"OhDifA8qY4HwyWdEVnhmEhHT1YlB/OgX1rmr98TVh2k="}},"gB9kTfxVp6u/pta9Dpg65dp+5k38xAs1cc3pqu8dEws=":{"valueMac":{"type":"Buffer","data":"kJUDQRIuJa2+6dg02Lw2sQEk0BxZB1ORRP9ScRy2xFE="}},"gJxmhlAnICo8+bJ/Kgn8Z5OPUvEnMODdOQhT/kcTDu8=":{"valueMac":{"type":"Buffer","data":"K3HrPK2PPabZ8G5v99Zc6MBzJRdTasdKGvlldXzoBIk="}},"gU8l+b9ChTVMahcsReZ6ByFUP4BiwGXgWXJoM2loDQA=":{"valueMac":{"type":"Buffer","data":"2r9tNC05itv8yGOEexerR9vV54N23GNHQopLbp61JeY="}},"gWtxGPPL8XOa9ZcYl08OBU79/vLwE2SuKbTKKnpNhJg=":{"valueMac":{"type":"Buffer","data":"AWbLZmVFPb0iYkDTbj7P1wrIdBqx9MR4NvGopNnfnW0="}},"gik+THPYpGai8wkvhLYThG7nyQum5ZL7QRbypE2gklE=":{"valueMac":{"type":"Buffer","data":"J5WDTGJawkMQSkG1bzpCaQH7DsVXvkzTkHVM2Llf+C0="}},"gtarG4xhYAMfvP8pdDOPPJyY1y5DVXuuryUp74v/AYg=":{"valueMac":{"type":"Buffer","data":"cCmWtasHQ+MXnjvPeipFpYZHxG0MSSzgKlizhl0oFGk="}},"guH7z9GsrApmOKQFByDL2HJO4bN3oU4fRPAWiIHIfzw=":{"valueMac":{"type":"Buffer","data":"n9CLl74J80nIvMCFzBWtGWhRxaLnsk++VISho6TnDoU="}},"hEcftU14gIyDLpujUFV1pLD5bsadyQSeRkoRym9BoIc=":{"valueMac":{"type":"Buffer","data":"2+x+u+AvzuumZmQmBIU6oTlQ/YqD3Sf20w1nmXWYONo="}},"hVYtc1HBElyTPlYFydiXDiectuk61C44aYK20bYOmpw=":{"valueMac":{"type":"Buffer","data":"ovfyzZPDTKbBl6llLsOE0kB81M1jSaUHrRt8vpOn6QY="}},"ikRAcITdhAZoNY3ix4vG05ydClEACDtHuNINrw7G0h0=":{"valueMac":{"type":"Buffer","data":"WxDyyr0FpLGIJ7DANejDyLaHL34RExVx52IOqCCWkgY="}},"i6eoU9g25HzS8zcuf8r3k14aouKrleiK51wTVF3ZQyo=":{"valueMac":{"type":"Buffer","data":"udwKVV9Ichjt+Fh9FIrVJOCv93a9kL37ZvZjlxX+PkA="}},"j9v2sDJ6tb6rDMHHtXOcdwBpZYK9aacuXXwV0FboEDg=":{"valueMac":{"type":"Buffer","data":"16bAlxeUBLMuGrHNSx0VxkLP2WlSFMgeWMxJkyGEF4c="}},"kXlIEhThpJBp3gs+V4mCLQpR5cYj8KcXZNxoON6elz0=":{"valueMac":{"type":"Buffer","data":"j733C5T/9s+VWn/4Gs18Q2KxdDXw6CdPbEjR3gD3n04="}},"llYJyWAE6sERtGaCxQuwNvevrxk9XmUUEaVFxpf1+TE=":{"valueMac":{"type":"Buffer","data":"v9DPcrVve1m5hShGYN8FnWullr+Vcpp3EhHNor9RPRA="}},"lnyu3jf6BksEXbEOQKaVjYRgkyR9WoeZsMIfzGbAEjA=":{"valueMac":{"type":"Buffer","data":"yaK9QOdooOPj43K4SK1t+BhWa8Zj95l8BAPGfPSFf8c="}},"mD7xeWZEHHBoA3VYi2ksBR0A/S1Jc6rLn/BAZgO1LxY=":{"valueMac":{"type":"Buffer","data":"OcS6ZPOFQH4UBv/Pz4Mi+6WQPuk6Fb5x2PuCQbotdOQ="}},"mflnqSw7mroXsVEv4fbIDKn3lQUqC+PnoKQfheY/1uQ=":{"valueMac":{"type":"Buffer","data":"9AXGLWagjcXce81XACWaRpCARSMS/Sab51kH2/T++ZQ="}},"m5bSxarrSumPKnZ8NdJpJvwxazFDap8ZdAC8KsS2xO8=":{"valueMac":{"type":"Buffer","data":"kutO4qZDrdcb9BTDDOtv/Z+tXx7JFCLdoigCdMl5kfk="}},"n9y7aeXolo1TSbnsOejExSE5rZoM+5kjdqBsoYNvRts=":{"valueMac":{"type":"Buffer","data":"h8ONnb2hm6cof0R6sau5V2dl266veUEq0aV36sUAwzY="}},"oPJETj3a80u8WywZV6uPumAHNT9AFUjaQp9FD7YDbKc=":{"valueMac":{"type":"Buffer","data":"swmHfeReCsYiMDXvUmVaDm7q9JwpE/sR7PrEy5tkEGY="}},"oUv5sXrWAWdfLhaeMDBA5Narqg2mfNgXwrvCrSOOgO4=":{"valueMac":{"type":"Buffer","data":"caBsilxQ0hCjGxGmWtTZYVtnjXEc3iq0ls4G/M9bmKs="}},"okkblJlgdW4u35LnJfFwoD57dx28LdDZbN/2TBXfxhQ=":{"valueMac":{"type":"Buffer","data":"1HeZ4uDX9xNugsQHUfGLXIsw/Z+eojNnogrtTl0JcRY="}},"opEucn5AlSSZaM7V8GZ958rCCd3bgvdVdqXWnWf3UYY=":{"valueMac":{"type":"Buffer","data":"4pjakMxnd7QOF4kDyLV+DSRwJfYl2OaMlDD6jEqJ5uA="}},"pFvKKcjB6NT+mcT2iCp9gFW0z3ZJvnnvEk+YUSWHDSI=":{"valueMac":{"type":"Buffer","data":"g1odzGeP1g/LKRaRQlyxA84xrjaRZTiBVN2RqU0Tz/0="}},"pd60bmVtMBq6MaveP1ksgNM7kb7KxX3fa8c8hvMoZPo=":{"valueMac":{"type":"Buffer","data":"W4l61BsD1Te1oaVH4s2Tszvl3cMEQA1qcoKr1GvqSI8="}},"p7H6zlwCKAQrvoLVp08RoeFMnKsSjtFFOvr38qa0yoA=":{"valueMac":{"type":"Buffer","data":"ZCqDEqbNKxeIGl6cPFVfwVnF0jmlBh0iVGu0bnvwlEE="}},"p9TWs6z4sKIxq18XyJGuoSIqwyZOehvNRK5RTyUei74=":{"valueMac":{"type":"Buffer","data":"XfWLqoxPkQeT50YFDQjMeqiup7NJVyMrZkAe9WMQuLM="}},"qc58/L3870+3gnztXt6d8VX8RzkfVKnzDLX//6bo2nY=":{"valueMac":{"type":"Buffer","data":"REYdzW6ZnVz6vUfC9G37mna5A/n6wYpE6bc4r/8EiqE="}},"rBaY87q0Fo5zf6QV9c7z7Iu3EAi8LXGD1K/1smSzlbw=":{"valueMac":{"type":"Buffer","data":"t1ZHWUOlRc3aFN6HhCGJ9AT8Fma/BC5qMinwIBtC2lw="}},"rC6GhAwRzL456w1NOq/qJOO7unm8woHNPaHiAlVSl7Q=":{"valueMac":{"type":"Buffer","data":"e8M1eKBMwXsU7S8SqqgLQWmnx1oHrG+hnTzU8SkPrcc="}},"rFj8yHG5Tfy2vjTzYO6kGAe3NvhdUZS+s75flxNRTQs=":{"valueMac":{"type":"Buffer","data":"XmPBPIHM+WPGAEloTQwgicbxKt8rPBjJXCWJbxWpSp0="}},"rsz5rscobBQ+cVgNgsOLKEhHOLMTb59+UaKLP6CNjxo=":{"valueMac":{"type":"Buffer","data":"IMFiV03ismLsQL4YOGbUyGc5rdIlDMADtinPy5Fl0do="}},"r8s9kQD3VH5pH/xwn26X7TcA3pZwXT6JRcKn1vVpjvQ=":{"valueMac":{"type":"Buffer","data":"cuHCJFRf08ZbmdD3NyfYKEC6go8PtBDxEUbQqAZ6MME="}},"sUeG+B94u9pu97D0resvKNx7lKGviMXhPtUplTqsdZ8=":{"valueMac":{"type":"Buffer","data":"C+DQsWhFGu/Dqx3r1SmZbUHzZDnKcUtbI60ewg8SHFk="}},"tE2zhzsrB278ijkyUYlFvjZa06iqVuXRTDce9KnrUUI=":{"valueMac":{"type":"Buffer","data":"S5OG3n9/sdscUGNYRU0rtoYAbOH957k6UtyXAFms/9k="}},"t72EIeJ/jx4tcyXfw9PB5b5TOR3V/KSM5z3As9FDAS8=":{"valueMac":{"type":"Buffer","data":"Bn5v3jYJoq9wxhG1gZsJAXUCc3Ntj7wQiHHjXgLHGNY="}},"uLbCGyaYcrtXf1sjLDItZPNbWEFq3A991iJVDyUeAwo=":{"valueMac":{"type":"Buffer","data":"dwJ+Z36+jOQT7zHuMtSBLOb/5SKw8vi1q7lcl+U9yb0="}},"uTlVALRiCjy9wuNblzQ/UoKfgPRVs7IJTjeqvFrtrHc=":{"valueMac":{"type":"Buffer","data":"Bal8eYVXw73GTCiq/9sm7Lc9fezCQHeV48yFp2QfIF0="}},"uXv9HlyrslwOItxGB9pb6pkl+eiNXoGCJ7li6j2QKVU=":{"valueMac":{"type":"Buffer","data":"gNscstROBAxpTCE3SEji8FmbWZZxFPQ5XCRHTF4WK4A="}},"uyLqu47BMFnwKux+cm9RQgFrOwRMxU7kNnvrxmpauFw=":{"valueMac":{"type":"Buffer","data":"OY0sve2U1SyspUeIm3kenyzbbGDZD0Mt1Mmhij6NQ9c="}},"vBQs3uEheGz+FKjoOy87okYAKNCrDrWdFD+Q9JBFWlw=":{"valueMac":{"type":"Buffer","data":"Abdl03fHTuTlQu18Mnod8+8zdsks4krHSi3OrtWz6CY="}},"vPlpdpfOsaWI6wsY2U4u2CA/JjRmN7QDafH8kknJD+4=":{"valueMac":{"type":"Buffer","data":"t9EHaCpUJ/LaFYKnZ6d7A31zxWB9Ow/8t4/DcQBFBJ8="}},"vkrJMS53b2hMaxGH70dLB8gYGuXplXSQnQzShWhKKe0=":{"valueMac":{"type":"Buffer","data":"YFtcPMgSmTGktDG7ZmnuZ7I+mBydbQiJrQDrXl5v3PQ="}},"wQYOzgemnB3MSOdnnKK0o17GzuWywodLuf42rBMti/I=":{"valueMac":{"type":"Buffer","data":"ww33YlCp1PbgXSkLLcNXIGkL92aOWZxS+CtuS/f3jMg="}},"wmbpJreAqwHXlxSOmNn8m5ypjOHvE4YNseWZxjEYM+g=":{"valueMac":{"type":"Buffer","data":"0T3tqOqygHzhdOA5x3a87aai9qQDHQ+XlW6UoSol5To="}},"w49RvgF6mqQ1T6j/JC35wEnav4pA8nWj5wrJv6VpoyE=":{"valueMac":{"type":"Buffer","data":"IJm41J7ooA3tTmaEfMCQb9kLIM7ahjAFq1YPZ99JbEI="}},"xURn6sxCf6DcxA6YozHbWXhhDHafr2p+6B8JAFX+yZI=":{"valueMac":{"type":"Buffer","data":"Qf0uHsW9Y2AD/D81DQHQQkrh/SNeNidIoR8MFV6l7eY="}},"yikXnVAYGdl6MZ8mf7kNg1FTgXb6RfNhRB9nxrolHvU=":{"valueMac":{"type":"Buffer","data":"NBoFmW6Y8dWv2k/+/6AbemYvK7akdoRmIe8ecxSh4ms="}},"yvSGjSbAaaoI5EO+9GW7O1X+UGHWyLaTiAGKLPztOyU=":{"valueMac":{"type":"Buffer","data":"w9GH7mwDuYoDU10ERLnQGdE4Q4Sp8livp727vb1piiM="}},"zSLgj4WsBw8ZwjfQiKKdojdRsqJ/iG/Mw+sYCEcTAZU=":{"valueMac":{"type":"Buffer","data":"5IevCLB6AjqWeGqKSoye09YCj9krbLvCUFGFcJXMMzo="}},"zWTFlTWXMs7xPpM3epp0eNrJwFVVos4uZqE1UZ2a/ZA=":{"valueMac":{"type":"Buffer","data":"UHP6U5yLOYwRMLjWszZaqWJNbjNQvdL+G1v4U2zGXzU="}},"zW+5fePJcAtfjdnhlBYtTsDV4X5ehNF8LfHFRo1D9iY=":{"valueMac":{"type":"Buffer","data":"oDRNHPFjmTcOKa44S0qZ43axrUL6EY6u5DQw7QzwV8k="}},"zksusRDehE6qZoDo79ywcSG/u1upsWrx1nG5vL9zMwg=":{"valueMac":{"type":"Buffer","data":"UX5WNt6PMCl0c7/mIh4zXGuJ3KeGPQJrYfl8GI+EKJE="}},"z3UYXbl27ueXWkSDW+hS0euRdOLNhZU19nLxxJmE5p8=":{"valueMac":{"type":"Buffer","data":"sdc87vi+KCTL16SU65ir5//4x6ANYjqjvEMPrcO2y8A="}},"0Qj87ppS+LRdc30Y+RMtNqgVyBNXCu5FGHW7Su3do9U=":{"valueMac":{"type":"Buffer","data":"pwAWjal+pJQZ6hj8ZFQHhftGsXQbXBJ/8RMhIEnWLaQ="}},"0XknL5E8xcCjKTMQggozDKMC5fnXI+jBwkwigZ1KcOY=":{"valueMac":{"type":"Buffer","data":"x583EOrZ2/Opi5mVeh+LkEtZMIV0SpdvLOmVbIXr4PE="}},"0izpsZcAT/DI22xLo6EnTptc6dU5vNHvnsx0Pl/fpT8=":{"valueMac":{"type":"Buffer","data":"bhWPrpOjTTmjWxTO6gJeT+rnUgM8i8+KEi89nNh2QWs="}},"1K+orbHkbiLvj4tYziHpwti3Y+nOBxeTrVw2pCgcdG0=":{"valueMac":{"type":"Buffer","data":"1WKeaNj9iJ3QQpBTUY3MPRWyRkdW75KZNK16YZyzmVY="}},"18edtW9yljrfCPtOOQ5ETbENHUc81R300+1qbwwD5K0=":{"valueMac":{"type":"Buffer","data":"3z5Wy3RPp4z8caEpWfJGESALnCShnKIZ/aHHSYEBg4s="}},"2CblakMtFt68cJ5nguOd5z30q4HjZJ8Ow1MsoRtFLIU=":{"valueMac":{"type":"Buffer","data":"s1PO9R26scBWUbNGajZOnxDV3PfbVrIrzrkr8dktvug="}},"3qo5hvddS+SMhP2/m9lvFKYH7piO+VOymMYRTqMHEvU=":{"valueMac":{"type":"Buffer","data":"Shr1DsA/s9AyjZHYlLcXpv5ic/CShom0SSkkakKSYBg="}},"30kXlKqpbh08cs4z3MV4qSfSsX/My81/Wq8Hi1cZ7yU=":{"valueMac":{"type":"Buffer","data":"t3I1aDVBxIQPTdheCxWB0+MWIe4gPAidj9lwfpGwtzU="}},"36kDxo8+nWYGWOWgwLqKdPnlyRwFy1U+BZPFzAsJXhA=":{"valueMac":{"type":"Buffer","data":"nCrUCs9en8y9PMUHP10fCxk3qaG/+laYqrl9n+ciiVA="}},"38I+/Bt8fVtucwJAvzJxO6OV/xZbI/oTvF8v0FRbpcM=":{"valueMac":{"type":"Buffer","data":"jR1ymaOvlvn62K9G0zy7+nyQ6UtT/veh6Uw5A3gJCEI="}},"381yyo3x3/3sLzvYcWwXaLX0sRSiaO7kaG4h7nM1Wco=":{"valueMac":{"type":"Buffer","data":"zY3Z+Ld8pphONrd9xP72/j0VJRJ2/8iVxqTk+P6UZgY="}},"4BkDP5iTjs+WzfEz2Hl8z43abz036qu1iv1JwYreUfI=":{"valueMac":{"type":"Buffer","data":"+Tss5niiSkRBiYuhvyIN7ZjM6gwiF/p2ExVY1j7DmfI="}},"4B+hP4Qu87NYAAbng7gfZkjTp9200mGpv3wAfq5VIb0=":{"valueMac":{"type":"Buffer","data":"qDbjUD6zsk4ZwUiDytSOWUXOxaCFL1wsonb0vW+mKGM="}},"4PcHkMX+1aXyXGX4OAY+Zp042FBZaUyWArtwkFGSgM8=":{"valueMac":{"type":"Buffer","data":"0OII1CdLI64NvupcMuFveRUHEKefKfEj/WEzed2a5C4="}},"4t5iLMYKbY+/NyHMTe8r0NKVC5/5AHnsnBJBdPhWA3E=":{"valueMac":{"type":"Buffer","data":"kXEXjMOMAoaCrbYnPZVaeLD6DkRa2/AiRKJKBL1V3hA="}},"441FUKMF2eS9FFZyiO2aXxlckyrEr4SIr/0teip9mdo=":{"valueMac":{"type":"Buffer","data":"NLCXWiEfmZ+IlZi38Ium/McP2Oelyx9orJANuuBllls="}},"5w4X2OqaM5oLGjN4izBaoX6xnJT/qyia8NwcAk8n86I=":{"valueMac":{"type":"Buffer","data":"EhrQQg9n+foOPX3F2seBVQsUAc17O7HQkk0GzpiWUP4="}},"5y7GhK8W7tbZWrdDldkS+X4xw3QXgIU7ucugbE9pwK0=":{"valueMac":{"type":"Buffer","data":"MQ8vSkwz4zMASxkemY2+zfj2JePSxAsaBxwBnShxhy8="}},"51W+GLpEUpjO0HryjgDnlAcmgrPyQ1Q7ak6xglNrlI4=":{"valueMac":{"type":"Buffer","data":"U79A1DymgYZPh/qgs7VDcMS/7C0Uz2zmorSWTfR1xqY="}},"6CoUHIdG/AhDESNzTOoflr+yAoggtw6en9NS8Coa9qs=":{"valueMac":{"type":"Buffer","data":"v1pdHtOOup3A9lTPtZ4ilFpoZOQnm7EFDsfnNd6wFKw="}},"6b8/F21Lt1IolLr5ezdkbxzZnt6ir8wk/BBXOTLyU/A=":{"valueMac":{"type":"Buffer","data":"7fz+K8Jo6Uk3kF5vOkj0M5GqcMD1giM7CmTIkYCsTWw="}},"6d2iA2iYW2HsdF5pMBnrkOi9yq//kcsgUFq74VKTUL0=":{"valueMac":{"type":"Buffer","data":"MQAIEzwOGhVL5QTCy+ZAwKJ/FYCShPZd0C+keIVBbC8="}},"6sd6gnBQEFAevHqjt+21teEtf9XyK+juvgaykV30y0s=":{"valueMac":{"type":"Buffer","data":"HTEh1eIN9nkuDllA/Jeecq5E3zOlSL9FhtLXF1XkSDI="}},"7Ih31t819l/bcbk3pkn3mtOb2ULyjB8E63WMBaUv5ls=":{"valueMac":{"type":"Buffer","data":"cn7009dPCjihrD/ugP63eIHGmBmIPReA1Fymyd0Dn4Y="}},"8BcjDkDYOApvOlyds2kJ1G06q8Mh8xxFUaY9Rf3yYU8=":{"valueMac":{"type":"Buffer","data":"izI76GEN+plEM6aZeraMOVGKheV6znBBldI/zDEND4U="}},"8Q3VNJaO+eXipA11oSm5ovL00hk/nAb0O2R0ve3D8RY=":{"valueMac":{"type":"Buffer","data":"uYTdbG2YPxvt4aCh07ckNKv8T+pgJ/4/DFfZUZ0Jtxg="}},"8+LOyuT5+bR3KQrnqmqpSw9lI1lXE4ZB0mopAFeY5RU=":{"valueMac":{"type":"Buffer","data":"02r/xROimn0vXAWjIR92jG1QgJGyt0i2231YGXplUK8="}},"9lKjTae2NhfgRqlTNNZEhQ2leIypOpgLV25LM7C4/NI=":{"valueMac":{"type":"Buffer","data":"BqyvhTV9L8YG64PvTJ5zSiabXRO1l+rKJrU3CYx6oxc="}},"99llHxwR9hdMn4U0fiCBMq9qala+bTit/znQhnpo4Ec=":{"valueMac":{"type":"Buffer","data":"+Yn0sZfeBMSI0+I3D8+uV4UblJIoyP/MwKfPEr/hfvs="}},"+GC0btSx0E4+rk1QzPjmPB7iaueWKITIfwV7gdzUfQE=":{"valueMac":{"type":"Buffer","data":"fGtPA5Y3nLma2UfZWd+JKSo8PwwJWhZxQeSrmHKbuwU="}},"+gDam7KRc1+iOtifvF19DwZuQtnfOHXANexXcaj5Leo=":{"valueMac":{"type":"Buffer","data":"/2LkVNF3D3xVK3eJWWPuqTydjHAOfo5zspKRg++lpQs="}},"+jkEKz7rV8RcRDUvkl7thXhw25ouhsfS8p0wXp9DtIQ=":{"valueMac":{"type":"Buffer","data":"MRuycw79kOO4sHkSRByCCVu1ArepZIMcYgzzEQNw914="}},"+l7G3Yhpl+xqOAQM5xHOuYZjPGUW+/yp4MoQAZJPCxk=":{"valueMac":{"type":"Buffer","data":"m8CKY2pOfiNnPIc4N6bQpCUDVYWI+/FVOOT8Pq7Huac="}},"+odSrVlrDFiJ7by7DlyVS5FIeOstw/hCE3Odi/piXeE=":{"valueMac":{"type":"Buffer","data":"UcFdldiLQfsrhhV872ivHINGlndJB9CJpYeaj4w0C2Y="}},"/11IGYK/W0ccvNc4SRI709Adl8RlZj+fqBsVY4R8/kQ=":{"valueMac":{"type":"Buffer","data":"3m3F45P+kVF/xGiNkas8jnqm7mt/bnMTh1QWXsaSQAA="}},"Brkn42YVVxinsorubn057StnyysHspHchA2hRKQbAmk=":{"valueMac":{"type":"Buffer","data":"bAlHNuucbPSOqyPwYNkZDiII7dBe4PQRMBS0Oalo86Y="}},"XCWJueyG75y4gtPp09PVjOfDEZg3d7BvmLG0kKosRoM=":{"valueMac":{"type":"Buffer","data":"DIlA5i6nK2Myg0HlWw3Q/dVrc0iY3/mNytPWAZKf8g4="}},"k4d+jC/EYCXQanct4Y9de1Xhk1URTX+DgJY+dJ3mGqk=":{"valueMac":{"type":"Buffer","data":"XljgaYsVsC1TT+ZN56UZQz1ZaWTF5g/gdpYTgElnpUg="}},"Y/5MAX1yyi69pkOr6SyK/7c4kQd9E0UjPiWWU7/AQSA=":{"valueMac":{"type":"Buffer","data":"0nKEXUiwTqXr0XpPczMSsFA+F/giQYiAlkbx5XXYDx0="}}}}