{"noiseKey":{"private":{"type":"Buffer","data":"iBhzURtQczVPgO6yyhzpoxze5IwPUXAPejINPMffzlA="},"public":{"type":"Buffer","data":"KKw5LvPPwXsTgY5s3uWKdjr4GmwiiwY+5nj23X5DmjU="}},"signedIdentityKey":{"private":{"type":"Buffer","data":"CFcysLTtzqSeQr+ZXKA/4Qrl5I2AKPbc4L8U2mI1nk8="},"public":{"type":"Buffer","data":"+L1LrtK3wYAUIFAMIsxbrdgrubs+u/NIkCES9dMr6nA="}},"signedPreKey":{"keyPair":{"private":{"type":"Buffer","data":"KMrQscY0W5qQ++6ATLuJDv/AiGN51NEue+T74oYEllU="},"public":{"type":"Buffer","data":"OWALrxoMG4KvmpYB6OZ8rXbzBdxx4AeqCvwzqb0cWCk="}},"signature":{"type":"Buffer","data":"q08ZMfrRgxxxOCLtkiOIe/2zndgQzjcsTgbvaWUE4sdzY+Jbe6pitO46ILRlXnEup9sSeyKowfVxiH6ZShZAhg=="},"keyId":1},"registrationId":247,"advSecretKey":"JjwwCh3tDzAoAZpqG86eESqtsji8LEwTsKSIpxbzQec=","processedHistoryMessages":[{"key":{"remoteJid":"6282142610876@s.whatsapp.net","fromMe":true,"id":"65A22C6B1E4A2C0E527877419090D97F"},"messageTimestamp":1698635380},{"key":{"remoteJid":"6282142610876@s.whatsapp.net","fromMe":true,"id":"2906406B274C0E59BBBA89B8E40CEC5B"},"messageTimestamp":1698635380},{"key":{"remoteJid":"6282142610876@s.whatsapp.net","fromMe":true,"id":"ECAD39BAAEB86FBEB898C9CC75A9A84C"},"messageTimestamp":1698635382},{"key":{"remoteJid":"6282142610876@s.whatsapp.net","fromMe":true,"id":"87594CC44AB3588439B8849797D220CB"},"messageTimestamp":1698635382},{"key":{"remoteJid":"6282142610876@s.whatsapp.net","fromMe":true,"id":"23F7FF7908B29A2091404DC0E34DD1E7"},"messageTimestamp":1698635384}],"nextPreKeyId":31,"firstUnuploadedPreKeyId":31,"accountSyncCounter":1,"accountSettings":{"unarchiveChats":false},"deviceId":"7oleiVElR5-5k2If5xRqDA","phoneId":"fcb1285c-faa3-4d2e-bf3b-7e68faf4278a","identityId":{"type":"Buffer","data":"XHuPACjYbv5P+RyOlNVuD33vG/E="},"registered":false,"backupToken":{"type":"Buffer","data":"VckkPLX255QMNAOKdAYMnfBL03Q="},"registration":{},"account":{"details":"CJmW+MIDEO68/KkGGAI=","accountSignatureKey":"ppHMcfO7REfjnl9ek7FZOxZwHZVAayeiU3yt9s2QC24=","accountSignature":"yp4loq/88q1UEseREjb1IFOyD2d/2N73p4D3mVQ4W3nhkoUcvAFA9YTfX2ZpYZCPriRMMnfJnELEYRPGfO1IDA==","deviceSignature":"fxKc/Or3cBLPdQyYCo2uchqRbWRM6IYRCw6vx/drUd12qjoOFBGY24jvp4E+190etzcVvbjlkc6WZV196RQIgg=="},"me":{"id":"6282142610876:5@s.whatsapp.net","name":"Gaia"},"signalIdentities":[{"identifier":{"name":"6282142610876:5@s.whatsapp.net","deviceId":0},"identifierKey":{"type":"Buffer","data":"BaaRzHHzu0RH455fXpOxWTsWcB2VQGsnolN8rfbNkAtu"}}],"platform":"android","lastAccountSyncTimestamp":1698640238,"myAppStateKeyId":"AAAAAItV"}