{"_sessions":{"BXrezz8VWM7ZnRDYItH4ElFW3FDwZq4tNn7mhbmNr/s6":{"registrationId":897,"currentRatchet":{"ephemeralKeyPair":{"pubKey":"BWo2qVYxnYeImy29qqMm0NbHq6bPsEA4NuR24wxyMC8a","privKey":"gNTwV0IbV3jv5LFbgWfaizjixivlgoHicMt3cBpPyEI="},"lastRemoteEphemeralKey":"BZ29Y9oVCO2GttdNnXeV61mEdDCIP/bVx15Oci2bYnFS","previousCounter":0,"rootKey":"PFrGZmZ++yluD2BX2MxcLJZpiKYlewxBh/gTxCzgVdo="},"indexInfo":{"baseKey":"BXrezz8VWM7ZnRDYItH4ElFW3FDwZq4tNn7mhbmNr/s6","baseKeyType":1,"closed":-1,"used":1698718386919,"created":1698718386919,"remoteIdentityKey":"BUG5co4c1Znj2CnWN6raLBOEvakT8YflgupEbY9ofY5Y"},"_chains":{"BWo2qVYxnYeImy29qqMm0NbHq6bPsEA4NuR24wxyMC8a":{"chainKey":{"counter":1035,"key":"CWkx2K2KZ9PHlgXcHI3z0QH7Acibt2NrSkvZ2yRHuTw="},"chainType":1,"messageKeys":{}}},"pendingPreKey":{"signedKeyId":1,"baseKey":"BXrezz8VWM7ZnRDYItH4ElFW3FDwZq4tNn7mhbmNr/s6","preKeyId":176}}},"version":"v1"}