{"_sessions":{"BZUViw499Q5WZ/cyg/Dd7LuAUAnec0U1BAlqG/HKqnsk":{"registrationId":79409796,"currentRatchet":{"ephemeralKeyPair":{"pubKey":"Bf6mMotLWxRrkwRj4Y4OpAbJijB894ZZbZm02y6/JaoN","privKey":"wGjLvjai2HOmp3c5wZzJt8YMTyRD+l8nZ6syvx3guXE="},"lastRemoteEphemeralKey":"BbOr+BrAovB9BlDg3z0+AuoI+N8IbnBzQCn6TimN7N8N","previousCounter":0,"rootKey":"PsRS+m7FHa0xqGSUZ+xsNRHsIIv5eHyJinOvqn0z0hM="},"indexInfo":{"baseKey":"BZUViw499Q5WZ/cyg/Dd7LuAUAnec0U1BAlqG/HKqnsk","baseKeyType":2,"closed":-1,"used":1698647498250,"created":1698647498250,"remoteIdentityKey":"BZ4ie305efluEJIZ1TyL4I5UY4hVbRBCw7Qqc0Z1KBUZ"},"_chains":{"BbOr+BrAovB9BlDg3z0+AuoI+N8IbnBzQCn6TimN7N8N":{"chainKey":{"counter":1,"key":"6WpYcJqQyzLq0rExvyjgTsoZ+5TsxBpQ6qLOYn+9SvI="},"chainType":2,"messageKeys":{}},"Bf6mMotLWxRrkwRj4Y4OpAbJijB894ZZbZm02y6/JaoN":{"chainKey":{"counter":-1,"key":"z9+J7ZBT40owVvTwmMIgthw1Nh4ezH+ajWgJ8fyiBB0="},"chainType":1,"messageKeys":{}}}}},"version":"v1"}