{"_sessions":{"BYIOnD5S66YQ4aOLFQZnIWGYG4EnZkHvhh41OV5kTGpl":{"registrationId":1800190035,"currentRatchet":{"ephemeralKeyPair":{"pubKey":"BZyys6FliXFHhsssw8Z7YjXL2/4eMOUiKKxNbz3p3hR1","privKey":"SHH4D3eE4bbOTq7HAlGQSsTQkx81pP9vdr8wL8bfx1w="},"lastRemoteEphemeralKey":"BdxbAZey3Z4o0dlgfW58WlyJQA6Nw7L7uwv/4YFEwWRH","previousCounter":0,"rootKey":"oydaB8prDr6S7+f8a8+3rPDKqR5ySl32+Sz9wRye428="},"indexInfo":{"baseKey":"BYIOnD5S66YQ4aOLFQZnIWGYG4EnZkHvhh41OV5kTGpl","baseKeyType":2,"closed":-1,"used":1698635380914,"created":1698635380914,"remoteIdentityKey":"BaaRzHHzu0RH455fXpOxWTsWcB2VQGsnolN8rfbNkAtu"},"_chains":{"BdxbAZey3Z4o0dlgfW58WlyJQA6Nw7L7uwv/4YFEwWRH":{"chainKey":{"counter":11,"key":"LdOpsq5VgPMphi7vdBSKCLh+K0+6/t60bxALOZ6FmRo="},"chainType":2,"messageKeys":{}},"BZyys6FliXFHhsssw8Z7YjXL2/4eMOUiKKxNbz3p3hR1":{"chainKey":{"counter":1035,"key":"Y2i5sMxC0oWmsbMRBC3RHJt+gdSZvKCroqrHd5Ymk2k="},"chainType":1,"messageKeys":{}}}}},"version":"v1"}