{"_sessions":{"BRuwjjMkRXLCQDCP7MXXg1lfMgByFrCHPr03kXYJHFgb":{"registrationId":7,"currentRatchet":{"ephemeralKeyPair":{"pubKey":"BRDORX1rb+5gIhpSy/2aG4VVr6bAduXTGfCdumaZIUdx","privKey":"IBLdaLZMlWrB99HHfiW4X6Fs+54n5q4hw5qKCFMM+lA="},"lastRemoteEphemeralKey":"BS/xfxfEN+IcG1dNEzl5Ojdp29qL+ebIvdMVEIvGwDc1","previousCounter":0,"rootKey":"om2XyFY/2EJlPODz1F2eq+tmTGtLI93BKvJfqC07QOA="},"indexInfo":{"baseKey":"BRuwjjMkRXLCQDCP7MXXg1lfMgByFrCHPr03kXYJHFgb","baseKeyType":2,"closed":-1,"used":1698647419850,"created":1698647419850,"remoteIdentityKey":"Beq4Ie6YK2C5D46H+jup8/0WkP/4uzKnmVvHzjQk85g2"},"_chains":{"BS/xfxfEN+IcG1dNEzl5Ojdp29qL+ebIvdMVEIvGwDc1":{"chainKey":{"counter":6,"key":"2M7vz0tCijrG7gctJ/UaGY72hkTHp7c0ft7PbafASHk="},"chainType":2,"messageKeys":{"2":"AK/PpjdwyzgN8+5cIVsYF8lIDW9u51htjSGPvTKm448="}},"BRDORX1rb+5gIhpSy/2aG4VVr6bAduXTGfCdumaZIUdx":{"chainKey":{"counter":-1,"key":"w39IVv0wCuHsKxUVue+iOVAS/hHnQicbj/uijYOgeuc="},"chainType":1,"messageKeys":{}}}}},"version":"v1"}