{"_sessions":{"BRSJtq8sZmzYdSxtgU0DrwlkQwmBB6emysgUwx/vfW8w":{"registrationId":1706343070,"currentRatchet":{"ephemeralKeyPair":{"pubKey":"Bf8k2Oyt45OzfqQU989D09xfM7qcIR1DtGpuOX3+Ea0y","privKey":"EIA0yGLaJcPNzI8vALqPNRmI3uz4/ti7iaD5+pDE0kE="},"lastRemoteEphemeralKey":"BZT8dZwOSQ0DjC2pV2avvrx/4YYkFvqZYdVzn/yk0Wg/","previousCounter":30,"rootKey":"bRqNH87CniWxj3BFWlcayMBmw35KhUBc43P6wZvo0LQ="},"indexInfo":{"baseKey":"BRSJtq8sZmzYdSxtgU0DrwlkQwmBB6emysgUwx/vfW8w","baseKeyType":2,"closed":-1,"used":1698721955921,"created":1698660434576,"remoteIdentityKey":"BS481zPEPjbxl9AsLAprbKUlbWPQPcO+B0QwPYolZMcT"},"_chains":{"BbAnVdrWoced9s5a6jWAU7Diie4xEMQQ2hfsSvPm4KIG":{"chainKey":{"counter":16},"chainType":2,"messageKeys":{}},"BROlCfKsz0r1xHJmeWxpcVXqGKcriXbviko8EWWTC58h":{"chainKey":{"counter":1},"chainType":2,"messageKeys":{}},"BZT8dZwOSQ0DjC2pV2avvrx/4YYkFvqZYdVzn/yk0Wg/":{"chainKey":{"counter":11,"key":"oaxOmgRq7IaMQtv2KFERknvT6L7mcHK44VHJ+76k24w="},"chainType":2,"messageKeys":{}},"Bf8k2Oyt45OzfqQU989D09xfM7qcIR1DtGpuOX3+Ea0y":{"chainKey":{"counter":932,"key":"tm1z07+rMbjz8enKpFd8lhggtDzfHXwX3zMo3MkbXMU="},"chainType":1,"messageKeys":{}}}}},"version":"v1"}