{"version":4,"hash":{"type":"Buffer","data":"0B/G60c9CxBOfVce/qCRcRSOsL9KEPlMmHQ6wCVuV99v40/EQ2lIa/ZqcNvWmUI1Hzj0r7VUSpEk7JILTb6MHZkNFLrcrzpXPpgXG3Gu/6ck40x12TFjgg6Pnd8VLmgrqexXyYh3FKstPOGSKhhkJ0SYWCokm3h4Rm7y2H+q1cU="},"indexValueMap":{"tmV+hKNhZdP0yL5doOIuELsRUb3ZJmRou+DwyxND7FQ=":{"valueMac":{"type":"Buffer","data":"LwHYBlcQbSfkzOEJavyKf2IIfOTDojNIBAYKK9RQqWI="}},"gCpNP1T2b6OVbBW5MrApOYIncbc8fY7+Ov4/Rb8WrEc=":{"valueMac":{"type":"Buffer","data":"eLm8wKBB6GvB2+AiynVYdvFIPPx1ksp6cbLd0OeyWFM="}},"Sw5M0HHWR9QQ+9l6HYW4oSYmjCqfxEINw3TG4XQ43fA=":{"valueMac":{"type":"Buffer","data":"0cRcPKfLi5g+X/TgV/tkGzAt58Q9t+0jLcXzanMxMok="}},"L/gWjTUM0ygSi2WLQSyFCQOShqf8zNLJ4m9qT6wDWTA=":{"valueMac":{"type":"Buffer","data":"dQxtlyCZg15uVIDZXlYhJbf4phGPMbctkTN1rSIQUoU="}},"nrXeAcGZLJdKRMOX//KKUpJJASRUW1umvof3lQvjXow=":{"valueMac":{"type":"Buffer","data":"0pXwTaf42id6o9ChaNEyXCR0uUAwRCzzsj+r2IuGTyw="}}}}