{"version":4,"hash":{"type":"Buffer","data":"lUtGEDQK50zcwUc6r6RufXKFaWeOPg2e61vg1upFFl5nleNOPDKCuIBCjjI1uQPP1EQjXXbdJmUq7dUa/QkeUwXBFUcEkq+53SZi6kWQVC40IYrbZukJYXaO4Zfu77a6RRRBObFmOHp4Gr0xJfZ9EU+ZkDmZq1f0HstT132v7p8="},"indexValueMap":{"nRolVAf3PwZDPhrIJJC3y7ahySQWQWbiToEna7YfQ80=":{"valueMac":{"type":"Buffer","data":"fCI39bHt3Vm2CIEeaDttvkNuw7aGhl05Otf2nO1l/VU="}},"aDRRSnfc8D/gis2/x7ri7k10xPxE8/acSdwZc69BMKM=":{"valueMac":{"type":"Buffer","data":"NVClxtcvp+bnBCmUw4Lv8h4zfSzF4R4tt4CscUXnSQ4="}}}}