{"noiseKey":{"private":{"type":"Buffer","data":"CMxKhaB10M3660SAQmSjBY6GTyHjLT6iNs1G63pHnkc="},"public":{"type":"Buffer","data":"woMyxah84xhH/97QF0oxxVFWhn0+whrJa3loKWX5+1A="}},"signedIdentityKey":{"private":{"type":"Buffer","data":"yBOpyPwPIFyVGZCXPutgkYXW7/hxxfZceYBOONv/MXI="},"public":{"type":"Buffer","data":"3gvI4GrF48oGD90SnurgTRn7wi9VacnKw+/KosjuFmA="}},"signedPreKey":{"keyPair":{"private":{"type":"Buffer","data":"GBgHlZVxn2AFR/sTsVCabiNm58bapO102QIbc6Qu3G0="},"public":{"type":"Buffer","data":"I8YaCBfh/RoyUl/G6opGZPT6nZrn67gLhtiDnm1hmyg="}},"signature":{"type":"Buffer","data":"Vm8vXwWAndJTR8b+Pa4xNBWApCZxMGHR7AdiJctaDnD6yX1oDuoxDje/2Oan/up8xYVTOwlSTF5NwYcym9Q1hQ=="},"keyId":1},"registrationId":167,"advSecretKey":"4zGPvCPgTNkrdxMq55n1OF4vLr32VND3WH7VxsQivr0=","processedHistoryMessages":[{"key":{"remoteJid":"6282142610876@s.whatsapp.net","fromMe":true,"id":"2CE2EBF2342B44C31E9402399F919E32"},"messageTimestamp":1698819821},{"key":{"remoteJid":"6282142610876@s.whatsapp.net","fromMe":true,"id":"29D63026FFB22E3883DE3005305AE90D"},"messageTimestamp":1698819821},{"key":{"remoteJid":"6282142610876@s.whatsapp.net","fromMe":true,"id":"D8F3BAF7641A52E705427C1517DB8552"},"messageTimestamp":1698819826},{"key":{"remoteJid":"6282142610876@s.whatsapp.net","fromMe":true,"id":"9A077F30228EE19442179755D6457C26"},"messageTimestamp":1698819827},{"key":{"remoteJid":"6282142610876@s.whatsapp.net","fromMe":true,"id":"4E1C2C330B6B209094BF1D7FAEB52635"},"messageTimestamp":1698819827},{"key":{"remoteJid":"6282142610876@s.whatsapp.net","fromMe":true,"id":"B6AEDF97F0EBC4C4CE3866EFA1C2B58F"},"messageTimestamp":1698819827}],"nextPreKeyId":31,"firstUnuploadedPreKeyId":31,"accountSyncCounter":1,"accountSettings":{"unarchiveChats":false},"deviceId":"Lf2t-y6sSmih3P8Hnf1otA","phoneId":"bb122a27-8193-4a3b-bf19-bb4703339f13","identityId":{"type":"Buffer","data":"KisVurJ4K2NVPS1Wa8h8M/iYlrY="},"registered":false,"backupToken":{"type":"Buffer","data":"7omPrxUq0qv3qgP1df3I2uDWL98="},"registration":{},"account":{"details":"CKyW+MIDEOrdh6oGGAE=","accountSignatureKey":"ppHMcfO7REfjnl9ek7FZOxZwHZVAayeiU3yt9s2QC24=","accountSignature":"m3Xk5aH+SX1yHX0CgeiQMuxSeMXhsXGpydoOQC0K8mWxpjIydc0evbv9Vk777GKCfjSD2g6krcTBCQ/vsUAQAg==","deviceSignature":"2T3mvK4veG1EBc+aLzy1Imvq7N2fn9evrr8P4U0a438QoYna5EEuaaIv+Wgtu1UEBehOVT20gmY/HrgE2lOfgQ=="},"me":{"id":"6282142610876:24@s.whatsapp.net","name":"Gaia"},"signalIdentities":[{"identifier":{"name":"6282142610876:24@s.whatsapp.net","deviceId":0},"identifierKey":{"type":"Buffer","data":"BaaRzHHzu0RH455fXpOxWTsWcB2VQGsnolN8rfbNkAtu"}}],"platform":"android","lastAccountSyncTimestamp":1698820015,"myAppStateKeyId":"AAAAAOOj"}