{"_sessions":{"BZqCuk3aEX9MDI3SXCxF7+2/SV8+0jsM+OL4FzBzVoQl":{"registrationId":1800190035,"currentRatchet":{"ephemeralKeyPair":{"pubKey":"BWB3dDLuYvpgq1LrUZ+vGGW9PfugdrViNYP76NHiTAx1","privKey":"KDngIz2+3kW0zdqRT3hm+tkypgQl7udfp0dzlOXZ100="},"lastRemoteEphemeralKey":"BUrbxqD5D5Mu/JCDZ8m6ERhM9+Xg4ufAnmCC3ziDVSlK","previousCounter":0,"rootKey":"SbYkxrZ3fArSvIqjTz5H5KyOOdV9jl0exq+W25+fiy0="},"indexInfo":{"baseKey":"BZqCuk3aEX9MDI3SXCxF7+2/SV8+0jsM+OL4FzBzVoQl","baseKeyType":2,"closed":-1,"used":1698824333693,"created":1698819819747,"remoteIdentityKey":"BaaRzHHzu0RH455fXpOxWTsWcB2VQGsnolN8rfbNkAtu"},"_chains":{"Be42VIqWRx+YUYMNpT7oIM9Lj8nS3SteQK71TTBk5ms9":{"chainKey":{"counter":9},"chainType":2,"messageKeys":{}},"BUrbxqD5D5Mu/JCDZ8m6ERhM9+Xg4ufAnmCC3ziDVSlK":{"chainKey":{"counter":0,"key":"DC2Q/hyrBMwBhMf7KkQQoWj5OFZzz5d2NUs5lqpwZhk="},"chainType":2,"messageKeys":{}},"BWB3dDLuYvpgq1LrUZ+vGGW9PfugdrViNYP76NHiTAx1":{"chainKey":{"counter":-1,"key":"/OPW00+TK/BMV8Z2pvKdMa3OFbV6FNKJ/GPXo2toMzo="},"chainType":1,"messageKeys":{}}}}},"version":"v1"}