{"_sessions":{"BTlOSxTIHBTqHUrHcCCLx+tFuLRWyR7SL+0mouIDdENu":{"registrationId":1706343070,"currentRatchet":{"ephemeralKeyPair":{"pubKey":"BZdLjkybYErjIWLuyAieQGhjZdGPqF8TPP+COhJDlG44","privKey":"SJV96xDMXX3DCfmo5AN+P5Eaa2qVEuNsCUerFFXbIXc="},"lastRemoteEphemeralKey":"BV0VNBSiGB+efr0oZ9psPeYZSyJXRKGXNinZd3Ha3I5M","previousCounter":0,"rootKey":"YAdYerQZvshu5n50+lfVvHoIUldfl0jdcFgL/12gSZs="},"indexInfo":{"baseKey":"BTlOSxTIHBTqHUrHcCCLx+tFuLRWyR7SL+0mouIDdENu","baseKeyType":2,"closed":-1,"used":1698821432796,"created":1698819878547,"remoteIdentityKey":"BS481zPEPjbxl9AsLAprbKUlbWPQPcO+B0QwPYolZMcT"},"_chains":{"BVu/Bv5F+/6DTv8twLFr4ZrQHKp4B+U17VBhEk/Zugw6":{"chainKey":{"counter":0},"chainType":2,"messageKeys":{}},"BV0VNBSiGB+efr0oZ9psPeYZSyJXRKGXNinZd3Ha3I5M":{"chainKey":{"counter":6,"key":"wHIVfd3x1R0N5RU1DJSaIHEm37uJ0q050u9Y+55ESfM="},"chainType":2,"messageKeys":{}},"BZdLjkybYErjIWLuyAieQGhjZdGPqF8TPP+COhJDlG44":{"chainKey":{"counter":-1,"key":"uuvbg7/9A4sqs2eCb5GlzAguMFPSvm+NsraJpT35YWI="},"chainType":1,"messageKeys":{}}}}},"version":"v1"}